,twitter source account,Tweets ago,Date,Compound,Negative,Positive,Neutral,tweet_text
0,@BBC,1,Fri May 22 19:01:00 +0000 2020,0.5374,0.0,0.211,0.789,"Tonight chatting to #GrahamNorton...

‚ú® @katyperry!
‚ú®@SteveCarell!
‚ú®Dakota Johnson!
‚ú®Alan Carr (@chattyman)!
‚ú®Music‚Ä¶ https://t.co/3oKYbSxZeE"
1,@BBC,2,Fri May 22 19:01:00 +0000 2020,0.126,0.131,0.152,0.718,"Piglet rescue! üò≠‚ù§Ô∏è

Roaming In The Wild is streaming now on @bbciplayer.

Via @bbcthesocial.

https://t.co/CTXCTkeqBX"
2,@BBC,3,Fri May 22 16:01:00 +0000 2020,0.4404,0.0,0.172,0.828,"Here is @matthaig1's simple piece of advice for better #MentalHealth.

What's your simple tip?
https://t.co/toSiVTl3bX"
3,@BBC,4,Fri May 22 15:58:20 +0000 2020,0.4019,0.0,0.124,0.876,"RT @bbcouch: Ouch favourites @MarkOneinFour and @ms_molly_vog bare all in this mental health special of #OuchCabinFever

When the world wen‚Ä¶"
4,@BBC,5,Fri May 22 15:27:49 +0000 2020,0.5093,0.0,0.112,0.888,"RT @BBCR1: Here's how the #BigWeekend Headliner and Radio 1 stages are looking for Saturday 23rd and Sunday 24th May! üòç

Check out set-time‚Ä¶"
5,@BBC,6,Fri May 22 14:04:03 +0000 2020,0.0,0.0,0.0,1.0,Find out more about the BBC's focus on mental health this May: https://t.co/9Z8jrQrIck
6,@BBC,7,Fri May 22 14:01:00 +0000 2020,-0.3612,0.171,0.0,0.829,"If you're finding lockdown tough because you live alone, Tobi Green Adenowo (@ToughCookieTee) has some tips to make‚Ä¶ https://t.co/zJD44nbNov"
7,@BBC,8,Fri May 22 13:28:25 +0000 2020,-0.2263,0.079,0.0,0.921,"RT @bbcworldservice: Dressing up for Eid needn‚Äôt be stopped by lockdown ‚Äì here are @theswolearab, Fatima and Hira with their style tips htt‚Ä¶"
8,@BBC,9,Fri May 22 12:51:33 +0000 2020,0.5473,0.0,0.15,0.85,"RT @HackerTDog: GET THE #FridayFeeling BY WATCHING ME MAKE LOADS OF CELEBRITIES LOL OUT LOUD. WATCH MY NEW FILM HERE:
https://t.co/Bq7cRYke‚Ä¶"
9,@BBC,10,Fri May 22 12:25:44 +0000 2020,0.3612,0.0,0.111,0.889,"RT @bbcpress: New comedy series #Staged, starring #DavidTennant and @MichaelSheen, is coming to @BBCOne in June. Here's a little taster of‚Ä¶"
10,@BBC,11,Fri May 22 11:01:00 +0000 2020,0.2732,0.0,0.1,0.9,"With fashion weeks going digital because of Covid-19, 3D artists are being hired to create virtual clothes, and eve‚Ä¶ https://t.co/qIXRy0tUI7"
11,@BBC,12,Fri May 22 09:26:23 +0000 2020,0.4019,0.0,0.153,0.847,"For details of organisations which offer advice and support with mental health, go online to https://t.co/rWDj404Gvz"
12,@BBC,13,Fri May 22 09:17:44 +0000 2020,0.0,0.0,0.0,1.0,More information about the range of programming about mental health across the BBC can be found here https://t.co/U3LM36WRcU
13,@BBC,14,Fri May 22 09:11:53 +0000 2020,0.0,0.0,0.0,1.0,Find out more about the BBC's focus on mental health this May: https://t.co/9Z8jrQrIck
14,@BBC,15,Fri May 22 08:45:56 +0000 2020,0.4019,0.0,0.153,0.847,"For details of organisations which offer advice and support with mental health, go online to https://t.co/rWDj404Gvz"
15,@BBC,16,Fri May 22 08:11:47 +0000 2020,0.4019,0.0,0.153,0.847,"For details of organisations which offer advice and support with mental health, go online to https://t.co/LYeKPCdUPk"
16,@BBC,17,Fri May 22 08:01:00 +0000 2020,0.34,0.106,0.203,0.691,"‚ÄòI‚Äôd describe it like the reactions inside the sun.‚Äô

This is what it's like to live with severe anxiety.‚Ä¶ https://t.co/aXLOTxZxgg"
17,@BBC,18,Fri May 22 00:01:00 +0000 2020,0.3384,0.082,0.149,0.769,"Three very powerful and personal stories about #MentalHealth - all streaming now on @bbciplayer.

Nadiya: Anxiety a‚Ä¶ https://t.co/l5Fdpb6PuJ"
18,@BBC,19,Thu May 21 20:30:00 +0000 2020,0.765,0.0,0.268,0.732,".@JasonManford gives us his words of wisdom on mental health during lockdown, and the power of laughter ‚ù§Ô∏è https://t.co/Imno3mD6kx"
19,@BBC,20,Thu May 21 19:02:17 +0000 2020,0.4019,0.0,0.153,0.847,"For details of organisations which offer advice and support with mental health, go online to https://t.co/rWDj404Gvz"
20,@BBC,21,Thu May 21 19:01:00 +0000 2020,-0.1531,0.086,0.0,0.914,This scene where Marianne and Connell finally address their class difference and how it's affected their relationsh‚Ä¶ https://t.co/SwYPjla1Ji
21,@BBC,22,Thu May 21 18:01:00 +0000 2020,0.3818,0.123,0.241,0.636,"Comedian @ItsTonySlattery meets experts to explore his psychological problems, finding out if he is definitely bipo‚Ä¶ https://t.co/7614I03Iol"
22,@BBC,23,Thu May 21 16:20:13 +0000 2020,0.0,0.0,0.0,1.0,"To mark International Diversity Day, the BBC Director-General Tony Hall and UN Deputy Secretary-General Amina J Moh‚Ä¶ https://t.co/qe9YYNQYSC"
23,@BBC,24,Thu May 21 16:01:00 +0000 2020,0.0,0.0,0.0,1.0,"Another #ThisCountry deleted scene from @bbcthree: more of Mandy's stories.  üôåüìö
https://t.co/s7D6Sc4Jpt"
24,@BBC,25,Thu May 21 15:41:52 +0000 2020,0.5307,0.0,0.13,0.87,RT @HackerTDog: YOU ARE ALL INVITED TO PLAY MY QUIZ AT 7.30PM LIVE TONIGHT ON MY YOUTUBE CHANNEL! GO AND SUBSCRIBE TO ME https://t.co/kFDPk‚Ä¶
25,@BBC,26,Thu May 21 14:07:13 +0000 2020,0.0,0.0,0.0,1.0,‚Å£More information about the range of programming about mental health across the BBC can be found here https://t.co/U3LM36WRcU
26,@BBC,27,Thu May 21 14:06:45 +0000 2020,0.2263,0.0,0.095,0.905,"Social media can be helpful and informative during lockdown - but it can also be overwhelming.

@naomishimada
 has‚Ä¶ https://t.co/oCS7c3T4lp"
27,@BBC,28,Thu May 21 12:29:13 +0000 2020,0.4019,0.0,0.153,0.847,"For details of organisations which offer advice and support with mental health, go online to https://t.co/rWDj404Gvz"
28,@BBC,29,Thu May 21 12:29:01 +0000 2020,-0.1779,0.159,0.0,0.841,Nadiya: Anxiety and Me is streaming now on @BBCiPlayer. https://t.co/cizeDDzBYx
29,@BBC,30,Thu May 21 12:01:00 +0000 2020,-0.5106,0.301,0.0,0.699,"Nadiya Hussain explains how severe anxiety affects her life.
 
@BegumNadiya #MentalHealth
https://t.co/BTZnT3dEQY"
30,@BBC,31,Thu May 21 11:14:48 +0000 2020,0.6124,0.0,0.217,0.783,RT @bbcpress: The BBC‚Äôs Director of Creative Diversity @JuneSarpong has committed to hardwire diversity and inclusion throughout the BBC -‚Ä¶
31,@BBC,32,Thu May 21 10:42:34 +0000 2020,0.6705,0.0,0.188,0.812,"RT @BBCSport: üí™ Want to get fit and need some structure to help you? üóì

üì≤ #Couchto5K is the app for you ‚û° https://t.co/z3IGRWqgYv https://t‚Ä¶"
32,@BBC,33,Thu May 21 10:41:59 +0000 2020,0.6116,0.078,0.208,0.714,"RT @cbbc: It's #MentalHealthAwarenessWeek2020 and there is no better time to be kind to yourself and others ü•∞ #BeKind #BBCOwnIt 
@JoeTasker‚Ä¶"
33,@BBC,34,Thu May 21 09:08:20 +0000 2020,0.0,0.0,0.0,1.0,"RT @BBC6Music: As premiered by @ChrisHawkinsuk...

Composer and producer @ErlandCooper explains how he used 6 Music listeners' sounds of ch‚Ä¶"
34,@BBC,35,Thu May 21 08:01:00 +0000 2020,0.8977,0.0,0.385,0.615,Love this!  üòç 8-year-old @KatyPerry fan Charlotte gets the surprise of her life when her substitute teacher is... A‚Ä¶ https://t.co/a3iB06Ubts
35,@BBC,36,Thu May 21 05:57:24 +0000 2020,0.0,0.0,0.0,1.0,"What‚Äôs your mental health tip?

üß† Mental health campaigner @matthaig1 joins @ChrisHawkinsUK this morning to kick of‚Ä¶ https://t.co/sxITXwI65a"
36,@BBC,37,Wed May 20 18:53:15 +0000 2020,0.4019,0.0,0.153,0.847,"For details of organisations which offer advice and support with mental health, go online to https://t.co/rWDj404Gvz"
37,@BBC,38,Wed May 20 18:01:00 +0000 2020,0.0,0.0,0.0,1.0,.@DavidHarewood revisits a psychotic episode which saw him restrained by six police officers and sedated by hospita‚Ä¶ https://t.co/BTx6ZDUy95
38,@BBC,39,Wed May 20 16:01:00 +0000 2020,0.6115,0.0,0.21,0.79,"As our lives get more complicated, simple things become more precious. üíô 

@BelugaLagoon #MentalHealth
https://t.co/GePHVoevCo"
39,@BBC,40,Wed May 20 14:01:51 +0000 2020,0.0,0.0,0.0,1.0,More information about the range of programming about mental health across the BBC: https://t.co/9Z8jrQrIck
40,@BBC,41,Wed May 20 14:01:00 +0000 2020,-0.296,0.115,0.0,0.885,"Whether you‚Äôve been together for 8 weeks or 8 years, every relationship's under pressure in lockdown.

Relationship‚Ä¶ https://t.co/s0Li4RyHQC"
41,@BBC,42,Wed May 20 13:07:13 +0000 2020,0.8555,0.0,0.385,0.615,"RT @bbcthree: Roses are red, #ThisCountry is great
We liked this joke so much we made eight https://t.co/MAldf6mtRP"
42,@BBC,43,Wed May 20 12:01:00 +0000 2020,0.6369,0.058,0.233,0.708,"These scientists are working hard to develop a safe vaccine for COVID-19.

Coronavirus: A #Horizon Special - Part 2‚Ä¶ https://t.co/KuHyZAO8lN"
43,@BBC,44,Wed May 20 10:15:46 +0000 2020,0.6597,0.0,0.252,0.748,"RT @bbcpress: Want to watch and listen to your favourite BBC programmes with your friends and family? @BBCRD have created #BBCTogether, all‚Ä¶"
44,@BBC,45,Wed May 20 09:11:49 +0000 2020,0.636,0.0,0.198,0.802,"Congratulations to @captaintommoore, who will soon be #SirCaptainTom!

It's been announced that he is to be knighte‚Ä¶ https://t.co/6xdhv4jtUs"
45,@BBC,46,Wed May 20 08:51:42 +0000 2020,0.4019,0.0,0.153,0.847,"For details of organisations which offer advice and support with mental health, go online to https://t.co/rWDj404Gvz"
46,@BBC,47,Wed May 20 08:01:00 +0000 2020,-0.6124,0.238,0.098,0.664,"Why do some people get depressed?

The jam jar analogy is a helpful way of understanding why some people suffer fro‚Ä¶ https://t.co/75Q9czfKIA"
47,@BBC,48,Wed May 20 07:43:00 +0000 2020,0.0,0.0,0.0,1.0,"Which record always soothes you?

@bbc6music asked some of their favourite acts this very question. Listen to Handp‚Ä¶ https://t.co/APmZCDe2Zh"
48,@BBC,49,Tue May 19 19:01:00 +0000 2020,0.0,0.0,0.0,1.0,"In Part 2 of the #Horizon Coronavirus Specials, @DoctorChrisVT, @FryRsquared and Dr Michael Mosley examine the late‚Ä¶ https://t.co/wdBx30pEPb"
49,@BBC,50,Tue May 19 17:01:00 +0000 2020,0.3612,0.0,0.135,0.865,"This is what kids in 1986 thought the year 2020 would be like... accurate?  ü§î
https://t.co/bFIdDYdqxS"
50,@BBC,51,Tue May 19 16:23:53 +0000 2020,0.0,0.0,0.0,1.0,"RT @BBC6Music: Which record always soothes you?

We asked a few of our favourite acts this very question. Listen to Handpicked, The Morning‚Ä¶"
51,@BBC,52,Tue May 19 16:02:38 +0000 2020,0.4019,0.0,0.153,0.847,"For details of organisations which offer advice and support with mental health, go online to https://t.co/rWDj404Gvz"
52,@BBC,53,Tue May 19 16:01:00 +0000 2020,-0.6597,0.188,0.0,0.812,"""The reason we're here is that we've both come close to killing ourselves"". 

@ChrisGPackham met Joe Harkness to ta‚Ä¶ https://t.co/x9M7WHZORr"
53,@BBC,54,Tue May 19 14:08:41 +0000 2020,0.6738,0.0,0.283,0.717,".@MicahRichards talks about why speaking about your feelings is a strength, not a weakness. 

@OpenUniversity‚Ä¶ https://t.co/rdqd4H0tsL"
54,@BBC,55,Tue May 19 13:08:22 +0000 2020,0.296,0.0,0.104,0.896,RT @bbcpress: This Thursday join the BBC and @UN for the #CreativeDiversity Dialogue to mark #InternationalDiversityDay on @LinkedIn Live w‚Ä¶
55,@BBC,56,Tue May 19 11:16:29 +0000 2020,-0.296,0.087,0.0,0.913,"RT @bbcpress: #TheNest is the biggest new BBC drama of the year so far, averaging 9m viewers. See what you're missing on @BBCiPlayer: https‚Ä¶"
56,@BBC,57,Tue May 19 11:01:00 +0000 2020,-0.1531,0.078,0.0,0.922,"No primates have gone extinct in the last 100 years... but that could change.

#Primates is streaming now on‚Ä¶ https://t.co/pHilRWb7Jn"
57,@BBC,58,Tue May 19 08:28:41 +0000 2020,0.7506,0.0,0.192,0.808,"RT @bbcbitesize: This week is #MentalHealthAwarenessWeek and the theme this year is #kindnessüë´üíõ

Now more than ever, being kind to our frie‚Ä¶"
58,@BBC,59,Tue May 19 08:27:35 +0000 2020,0.0,0.0,0.0,1.0,"RT @bbcbitesize: Morning team ‚õÖÔ∏è

üì∫ Today's subjects for #BBCBitesizeDaily from 9am on BBCiPlayer and Red Button üëâ https://t.co/zZOO8l1o53‚Ä¶"
59,@BBC,60,Tue May 19 08:27:13 +0000 2020,0.6597,0.0,0.231,0.769,"RT @BBCWomansHour: Kindness and #MentalHealthAwarenessWeek üéß ‚ñ∂ Lucy Thorpe, Head of Policy @mentalhealth on changing society for the better‚Ä¶"
60,@BBC,61,Tue May 19 08:01:00 +0000 2020,0.0516,0.075,0.084,0.841,"""The person that I'm bringing in today lives with anxiety.""

How a teacher surprised his class by opening up about‚Ä¶ https://t.co/Sq8N63Sivx"
61,@BBC,62,Mon May 18 17:03:27 +0000 2020,0.4019,0.0,0.153,0.847,"For details of organisations which offer advice and support with mental health, go online to https://t.co/rWDj404Gvz"
62,@BBC,63,Mon May 18 17:02:37 +0000 2020,0.4019,0.0,0.114,0.886,"Mental health issues can affect any one of us.

For a range of programmes to help start your conversation go to‚Ä¶ https://t.co/KkuxY6eRoU"
63,@BBC,64,Mon May 18 14:01:00 +0000 2020,-0.2023,0.101,0.0,0.899,What is toxic productivity? @Dr_Julie_Smith is here to give you the lowdown on this lockdown phenomenon.‚Ä¶ https://t.co/OBIbe4btQf
64,@BBC,65,Mon May 18 13:27:29 +0000 2020,0.3164,0.0,0.16,0.84,"Cereal bar massage technician = new dream job! ü•£

#InsideTheFactory

https://t.co/55Gp0EDlvW"
65,@BBC,66,Mon May 18 13:00:01 +0000 2020,0.6597,0.0,0.231,0.769,"Ian Fletcher, BBC Head of Values (@hughbon), with support from the @BBCCO, gives a one-off address from his lockdow‚Ä¶ https://t.co/eRhyFpj6va"
66,@BBC,67,Mon May 18 12:01:00 +0000 2020,0.4019,0.0,0.137,0.863,#MentalHealth conditions often have invisible symptoms. Can VR help people express what's going on inside their hea‚Ä¶ https://t.co/dGFA6mDOSL
67,@BBC,68,Mon May 18 12:00:56 +0000 2020,0.7184,0.0,0.316,0.684,@ITV @Channel4 @bbcthree @skytv @channel5_tv @davechannel @ComedyCentralUK @MTVUK @UKTV Sending virtual hugs ü§ó https://t.co/WaxCsGhWTq
68,@BBC,69,Mon May 18 10:07:39 +0000 2020,0.0,0.0,0.0,1.0,"‚ÄúYou are not alone.‚Äù

Radio stations across the UK have joined together for the #MentalHealthMinute - featuring The‚Ä¶ https://t.co/QiYPiThw1n"
69,@BBC,70,Mon May 18 08:01:00 +0000 2020,0.8225,0.063,0.307,0.63,"‚ù§Ô∏è @mescal_paul: ""Say that you love them, listen and be joyous in their company."" 

If you're Obsessed with‚Ä¶ https://t.co/hhXUANbVbr"
70,@BBC,71,Mon May 18 07:58:28 +0000 2020,0.4588,0.0,0.115,0.885,"RT @bbcbitesize: Tomorrow is the start of #MentalHealthAwarenessWeek 2020 and this year it's all about #Kindness üß°

Here is your 7 day chal‚Ä¶"
71,@BBC,72,Mon May 18 07:53:59 +0000 2020,0.4215,0.0,0.137,0.863,"Want to get fit during lockdown? #CouchTo5K could be for you.

üèÉ‚Äç‚ôÄÔ∏èThe app will get you running 5K in nine weeks (e‚Ä¶ https://t.co/TH3etAf4fy"
72,@BBC,73,Mon May 18 07:01:10 +0000 2020,0.9349,0.036,0.488,0.476,"RT @bbcarts: Thank you for coming to #WoWxBBC and for your enthusiasm. We hope you leave the virtual festival inquisitive, inspired and gal‚Ä¶"
73,@BBC,74,Sun May 17 18:59:07 +0000 2020,0.5983,0.0,0.189,0.811,If you want to keep the #Eurovision fun going - you need to watch The A-Z of Eurovision with @rylan on @bbciplayer!‚Ä¶ https://t.co/Jk5u0826M5
74,@BBC,75,Sun May 17 13:01:00 +0000 2020,0.75,0.0,0.299,0.701,"Every #Eurovision winner of the past 25 years! Which is your favourite..? ü§î‚ú®

#Eurovision2020 

https://t.co/u2eeQL8UCx"
75,@BBC,76,Sun May 17 13:01:00 +0000 2020,0.7178,0.066,0.239,0.695,"""The chain will always be more popular than I am."" üòÇ

@bbcthree's #NormalPeople star @mescal_paul tells @BBCR1 abou‚Ä¶ https://t.co/RYBiXdpfX2"
76,@BBC,77,Sun May 17 10:01:00 +0000 2020,0.0,0.0,0.0,1.0,"There's lots more deleted #ThisCountry scene on their way from @bbcthree... 

Here's one: Kurtan shows Kerry and th‚Ä¶ https://t.co/Bw8swPdAIr"
77,@BBC,78,Sat May 16 18:01:00 +0000 2020,0.5719,0.0,0.179,0.821,#Eurovision: Europe Shine a Light celebrates all 41 songs that would have competed in the #Eurovision2020 contest.‚Ä¶ https://t.co/7MwKNGco95
78,@BBC,79,Sat May 16 16:01:00 +0000 2020,0.3612,0.0,0.111,0.889,#Eurovision2020 may not be going ahead as planned tonight - but @grahnort will give viewers the chance to vote for‚Ä¶ https://t.co/sHsYMyLJ2h
79,@BBC,80,Sat May 16 14:00:01 +0000 2020,0.296,0.0,0.115,0.885,Join HRH The Duke of Cambridge as he aims to break the stigma around men's mental health.‚Ä¶ https://t.co/HrlPnCxv1b
80,@BBC,81,Sat May 16 11:01:00 +0000 2020,0.0,0.0,0.0,1.0,"What‚Äôs the point of noses? üëÉ
https://t.co/OpTlYow0AA"
81,@BBC,82,Sat May 16 10:01:00 +0000 2020,0.3382,0.0,0.094,0.906,"How well do you know your 90s #Eurovision trivia? Take the quiz from @bbcradio2!  üï∫üé∂

üëâ https://t.co/ennQoFUY6z https://t.co/1snG9TaY0a"
82,@BBC,83,Sat May 16 07:39:10 +0000 2020,0.836,0.0,0.331,0.669,RT @bbcarts: Enjoy a Saturday morning stretch and ease into the #WOWxBBC Festival with basketball player and spoken word poet @AsmaElbadawi‚Ä¶
83,@BBC,84,Sat May 16 07:39:07 +0000 2020,0.0,0.0,0.0,1.0,"RT @bbceurovision: REST OF WORLD: SATURDAY

EUROPE AND AUSTRALIA: https://t.co/Tgz3Dku91B"
84,@BBC,85,Sat May 16 07:26:19 +0000 2020,0.4939,0.0,0.176,0.824,"It's the #WOWxBBC Festival this weekend. And the line-up is incredible. 

Today @JuliaGillard on leadership,‚Ä¶ https://t.co/3PbWr0qnBF"
85,@BBC,86,Fri May 15 19:01:00 +0000 2020,0.0,0.0,0.0,1.0,"It's another all-star lineup on @grahnort's sofa tonight!

‚ú®Will Ferrell
‚ú®@mermhart
‚ú®@MarkRuffalo
‚ú®@mescal_paul
‚ú®‚Ä¶ https://t.co/4oCgTIUbHd"
86,@BBC,87,Fri May 15 18:01:00 +0000 2020,0.0,0.0,0.0,1.0,"Brand new #LaterJools starts tonight!  üôå

Jools chats to @QueensChristine from her base in Paris, and singer-songwr‚Ä¶ https://t.co/HYGCzBJheJ"
87,@BBC,88,Fri May 15 17:26:23 +0000 2020,0.4404,0.125,0.216,0.658,"RT @BBCLater: ""If I'm brutally honest with you, this is my favourite performance ever done on TV by any artist...""

High praise from @Queen‚Ä¶"
88,@BBC,89,Fri May 15 17:24:43 +0000 2020,0.0,0.0,0.0,1.0,#HealthCheckUKLive is streaming now on @bbciplayer.    https://t.co/f7VedVNpQK
89,@BBC,90,Fri May 15 17:24:03 +0000 2020,0.5994,0.136,0.242,0.623,"With gyms closed, and heavy items like dumbbells difficult to get delivered - @russell_kane has a great tip for kee‚Ä¶ https://t.co/0xy6teCxa4"
90,@BBC,91,Fri May 15 14:56:41 +0000 2020,0.0772,0.0,0.061,0.939,RT @BBCTheOneShow: .@normalpeoplebbc's @daisyedgarjones and @mescal_paul will be on the show on Monday and we want to ask them your Normal‚Ä¶
91,@BBC,92,Fri May 15 14:07:12 +0000 2020,0.128,0.062,0.082,0.856,"RT @HackerTDog: Do you miss Iain and Hacker? Well, we were reunited for one night only cockers. See the whole shambolic film here:
https://‚Ä¶"
92,@BBC,93,Fri May 15 11:01:00 +0000 2020,0.7579,0.0,0.245,0.755,"It may seem simple, but there are important things to remember about safely putting on and taking off a face coveri‚Ä¶ https://t.co/F4oYPNBA15"
93,@BBC,94,Fri May 15 08:01:00 +0000 2020,0.296,0.0,0.155,0.845,"Serena and Richard are St John Ambulance volunteers, helping manage the crisis.‚Ä¶ https://t.co/7blhshCOoI"
94,@BBC,95,Thu May 14 20:04:26 +0000 2020,0.802,0.068,0.289,0.643,"For everyone whose life has changed. For everyone who misses a loved one.

You got the love. You got this.‚Ä¶ https://t.co/t8zgf8PCFX"
95,@BBC,96,Thu May 14 19:01:00 +0000 2020,0.4019,0.0,0.144,0.856,"The brand new one-off special Wipe from @charltonbrooker is nearly here...

Charlie Brooker's #AntiviralWipe | 9pm‚Ä¶ https://t.co/vCbTKrC3sf"
96,@BBC,97,Thu May 14 16:01:00 +0000 2020,0.3182,0.071,0.117,0.813,It took a group of volunteers 45 minutes to rescue a wild horse stuck in a deep mud hole in the foothills of Albert‚Ä¶ https://t.co/m3dv9Ah7ez
97,@BBC,98,Thu May 14 15:00:23 +0000 2020,0.0,0.0,0.0,1.0,"RT @BBCNewsbeat: The #Eurovision acts have recorded this message to fans who would normally be watching this week.
 
It's part of our new d‚Ä¶"
98,@BBC,99,Thu May 14 13:01:00 +0000 2020,-0.4071,0.115,0.0,0.885,"The face of someone about to VERY seriously judge a dessert... üßêü§î

@BBCR1 presenter and children's author‚Ä¶ https://t.co/jTdnnf8LLn"
99,@BBC,100,Thu May 14 11:01:00 +0000 2020,-0.5423,0.22,0.0,0.78,Two of the nation‚Äôs favourite film critics @KermodeMovie and @simonmayo are turning their critical attention from c‚Ä¶ https://t.co/OZvCrUJo0w
100,@CBS,1,Fri May 22 18:43:48 +0000 2020,0.0,0.0,0.0,1.0,RT @ALOTO: üá∫üá∏ The brand new series of Game On! premieres on @CBS in the US on 27th May. The series is based on A League of their Own and is‚Ä¶
101,@CBS,2,Fri May 22 17:46:46 +0000 2020,0.5859,0.0,0.167,0.833,RT @ViacomCBS: This week‚Äôs @CBS Sunday Movie Night feature is @TitanicMovie. How is this @TheAcademy winner connected to another @Paramount‚Ä¶
102,@CBS,3,Fri May 22 17:31:01 +0000 2020,0.0,0.0,0.0,1.0,"Watch the @gameon premiere Wednesday, May 27 at 8/7c on CBS and @CBSAllAccess. https://t.co/rp86h4uq4P"
103,@CBS,4,Fri May 22 17:19:46 +0000 2020,0.5106,0.0,0.13,0.87,"RT @TheTalkCBS: .@CBS continues CBS Sunday night at the movies with the beloved film ‚ÄúTitanic,‚Äù which debuted in theaters two decades ago b‚Ä¶"
104,@CBS,5,Fri May 22 00:34:02 +0000 2020,0.0,0.0,0.0,1.0,"RT @MATTHEWHOFFMAN1: Tonight would have been the launch of @loveislandusa Season 2. I cannot wait to return to that padded, windowless room‚Ä¶"
105,@CBS,6,Thu May 21 23:34:19 +0000 2020,0.4523,0.097,0.242,0.661,"RT @CBSInnovationTV: üéâ #InnovationNation is nominated for THREE @DaytimeEmmys!

We can't contain our excitement &amp; want to send a huge THANK‚Ä¶"
106,@CBS,7,Thu May 21 23:33:17 +0000 2020,0.4019,0.0,0.109,0.891,"RT @latelateshow: On tonight's show, @RobGronkowski reveals the phone call with @tombrady that convinced him to return to the NFL üëÄ

Plus @‚Ä¶"
107,@CBS,8,Thu May 21 23:27:28 +0000 2020,0.0,0.0,0.0,1.0,RT @RealRonHoward: If you haven‚Äôt watched @68Whiskey yet - this should be your next series binge! @CBSAllAccess https://t.co/lB6TPbZr5W
108,@CBS,9,Thu May 21 22:03:25 +0000 2020,-0.2244,0.122,0.087,0.791,RT @broke: And we're LIVE! Join us on the @CBS Facebook right now for #JaimesHappyHour with @JaimeCamil and @IanKarmel from @latelateshow a‚Ä¶
109,@CBS,10,Thu May 21 21:41:12 +0000 2020,0.0,0.0,0.0,1.0,"RT @Venuseswilliams: What have I gotten myself into?! Check out the @GameOn premiere next week on @CBS!¬†¬†üëÄ@RobGronkowski, @KeeganMKey, @Bob‚Ä¶"
110,@CBS,11,Thu May 21 21:16:30 +0000 2020,0.3182,0.0,0.108,0.892,"Stay cool this summer with these summer essentials from the CBS Store. Shop water bottles, tanks, and more now:‚Ä¶ https://t.co/IJGW2WKDQO"
111,@CBS,12,Thu May 21 19:09:57 +0000 2020,0.8733,0.0,0.271,0.729,RT @joshgroban: I‚Äôll be on @CBSSunday this Sunday morning and doing a Facebook Live chat right after. I love this show and I‚Äôm so happy to‚Ä¶
112,@CBS,13,Thu May 21 19:01:53 +0000 2020,0.8883,0.0,0.6,0.4,"RT @letsmakeadeal: Wow, congrats @WayneBrady! üòç https://t.co/23XI16Wjyv"
113,@CBS,14,Thu May 21 19:01:16 +0000 2020,0.8172,0.067,0.297,0.636,RT @BandB_CBS: Congratulations are in order for the #BoldandBeautiful nominees! üí´ Let's give these stars some love for their #DaytimeEmmy n‚Ä¶
114,@CBS,15,Thu May 21 19:01:07 +0000 2020,0.68,0.0,0.359,0.641,RT @PriceIsRight: Thank you for the nomination! ü§óüôè https://t.co/7wzVmph9NC
115,@CBS,16,Thu May 21 18:59:16 +0000 2020,0.8495,0.0,0.363,0.637,RT @YandR_CBS: Please join us in congratulating these outstanding #YR #DaytimeEmmy nominees! üèÜ Don't miss their big night June 26th only on‚Ä¶
116,@CBS,17,Thu May 21 18:58:56 +0000 2020,0.296,0.0,0.104,0.896,"RT @TheTalkCBS: Join us in congratulating THE TALK hosts and hard-working crew of @thetalkcbs on 6 @DaytimeEmmys nominations, including OUT‚Ä¶"
117,@CBS,18,Thu May 21 18:56:56 +0000 2020,0.4824,0.069,0.16,0.771,CBS leads the #DaytimeEmmyAward nominations with 70. Don‚Äôt miss the 47th ANNUAL DAYTIME EMMY¬Æ AWARDS when it return‚Ä¶ https://t.co/Vn1r7YbPHN
118,@CBS,19,Thu May 21 18:02:17 +0000 2020,0.0,0.0,0.0,1.0,"@MrJerryOC @CBSAllAccess @RebeccaRomijn @PKSubban1 @lindseyvonn @KellyOsbourne We believe in you, Jerry. Also we re‚Ä¶ https://t.co/9rWEtYLe39"
119,@CBS,20,Thu May 21 17:56:58 +0000 2020,0.4927,0.0,0.151,0.849,RT @MrJerryOC: HAIRCUT NIGHT IN AMERICA 10/29 @CBS @CBSAllAccess Really hope I don't burn @RebeccaRomijn hair off. @PKSubban1 @lindseyvonn‚Ä¶
120,@CBS,21,Thu May 21 17:06:50 +0000 2020,0.2023,0.0,0.096,0.904,".@MrJerryOC &amp; @RebeccaRomijn host HAIRCUT NIGHT IN AMERICA, featuring America‚Äôs top hair stylists in an at-home DIY‚Ä¶ https://t.co/QqLsEFwaZh"
121,@CBS,22,Thu May 21 00:03:38 +0000 2020,0.4939,0.0,0.615,0.385,‚úã https://t.co/SAa4W8JuVS
122,@CBS,23,Wed May 20 23:55:32 +0000 2020,0.0,0.0,0.0,1.0,RT @NorahODonnell: A note about broadcasting in the era of COVID-19 https://t.co/oiYGv40JfS
123,@CBS,24,Wed May 20 23:28:57 +0000 2020,0.7096,0.0,0.237,0.763,"We have a TV manifest posted for your weekend viewing pleasure. Join us for Titanic on #CBSMovieNight, which sets s‚Ä¶ https://t.co/DYyqXFhgg5"
124,@CBS,25,Wed May 20 21:54:45 +0000 2020,0.0,0.0,0.0,1.0,"RT @CBSAllAccess: The Stand is coming. Get your first look at @WhoopiGoldberg as Mother Abigail, Alexander Skarsg√•rd as Randall Flagg, and‚Ä¶"
125,@CBS,26,Wed May 20 21:18:09 +0000 2020,0.4404,0.0,0.162,0.838,RT @swatcbs: It's all good. Stream #SWAT tonight at 10/9c on @CBS and @CBSAllAccess: https://t.co/ANyt4qWHHf https://t.co/kVC92p7CjT
126,@CBS,27,Wed May 20 20:38:30 +0000 2020,0.0,0.0,0.0,1.0,RT @BandB_CBS: The next two years just got even more #BoldandBeautiful! üíô B&amp;B has officially been renewed for two more seasons. Learn more‚Ä¶
127,@CBS,28,Wed May 20 20:22:21 +0000 2020,0.3612,0.0,0.106,0.894,Watching Titanic on #CBSMovieNight with your own Jack or Rose from afar this weekend? Feel like KING OF THE WORLD w‚Ä¶ https://t.co/lodYy2MQUs
128,@CBS,29,Wed May 20 18:55:21 +0000 2020,0.0,0.0,0.0,1.0,"RT @THR: After streaming online the past four years, the Daytime Emmys will air on CBS this June https://t.co/fyPW7WutcC"
129,@CBS,30,Wed May 20 18:54:34 +0000 2020,0.0,0.0,0.0,1.0,"RT @Variety: CBS to Air Daytime Emmys, Which Returns to TV for the First Time in Five¬†Years https://t.co/OyMqqvHCG5"
130,@CBS,31,Wed May 20 18:53:17 +0000 2020,0.4767,0.0,0.162,0.838,RT @TVLine: 2020 #DaytimeEmmys to Air on CBS in June; Winners and Guests Will Appear Remotely https://t.co/WViG7EI7t7
131,@CBS,32,Wed May 20 18:53:08 +0000 2020,0.0,0.0,0.0,1.0,RT @DEADLINE: Daytime Emmys To Air Live Virtual Ceremony On CBS In June; Nominations Coming Thursday https://t.co/Wz1GdJhdhI https://t.co/r‚Ä¶
132,@CBS,33,Wed May 20 18:52:42 +0000 2020,0.0,0.0,0.0,1.0,RT @EW: CBS is bringing back the Daytime Emmys to broadcast TV https://t.co/r30Ziw6Tvn
133,@CBS,34,Wed May 20 18:30:35 +0000 2020,0.5766,0.0,0.151,0.849,"Big announcement on @TheTalkCBS today: The 47th ANNUAL DAYTIME EMMY¬Æ AWARDS will return to CBS Friday, June 26 at 8‚Ä¶ https://t.co/gPmy1Gi0Rb"
134,@CBS,35,Wed May 20 17:03:13 +0000 2020,0.5719,0.0,0.346,0.654,Celebrate #AsianPacificAmericanHeritageMonth with @NCISLA's @DanielaRuah and CBS. https://t.co/Wu5JFKLcWN
135,@CBS,36,Wed May 20 13:35:21 +0000 2020,0.0,0.0,0.0,1.0,"RT @CBSThisMorning: One year ago today, @GayleKing, @AnthonyMasonCBS and @TonyDokoupil started anchoring together on @CBSThisMorning!  

@V‚Ä¶"
136,@CBS,37,Wed May 20 13:32:38 +0000 2020,-0.4767,0.307,0.0,0.693,RT @TheUnicornCBS: Anybody catch @Jeopardy tonight? üëÄ https://t.co/SsiHX1n2J0
137,@CBS,38,Tue May 19 23:32:03 +0000 2020,0.4019,0.0,0.137,0.863,Let us help you make plans for later this year with the  2020-2021 CBS Primetime Schedule. https://t.co/hvQ3WEaevR https://t.co/4LqNExzIiX
138,@CBS,39,Tue May 19 23:21:22 +0000 2020,0.5719,0.0,0.134,0.866,RT @IAMQUEENLATIFAH: I am so excited to be joining the @cbs family as The Equalizer! Coming to your screens Sundays at 8pm this Fall! #TheE‚Ä¶
139,@CBS,40,Tue May 19 22:25:51 +0000 2020,0.1511,0.0,0.096,0.904,"RT @gameon: Elite athletes. Epic challenges. #GameOn premieres Wednesday, May 27 at 8/7c on CBS! https://t.co/j9K1BntSe3"
140,@CBS,41,Tue May 19 21:24:45 +0000 2020,0.6239,0.0,0.188,0.812,RT @CBSAllAccess: A fresh show has just hit CBS All Access. Every episode of the military drama 68 Whiskey is ready to binge! #68WhiskeyTV‚Ä¶
141,@CBS,42,Tue May 19 21:22:58 +0000 2020,0.0,0.0,0.0,1.0,RT @hicusick: Back in the fall!!! @macgyvercbs https://t.co/1iKgk8qQgm
142,@CBS,43,Tue May 19 21:22:50 +0000 2020,0.0,0.0,0.0,1.0,RT @TVGuide: Here's @CBS's Fall 2020 tv schedule https://t.co/YReZdRvytW https://t.co/N6dvcNdlkc
143,@CBS,44,Tue May 19 21:22:34 +0000 2020,0.1354,0.111,0.132,0.758,RT @Cudlitz: #Clarice is coming to @cbs. Could not be more proud of this talented group. @Alex_Kurtzman #jennylemut @BecEBreeds @kalpenn #n‚Ä¶
144,@CBS,45,Tue May 19 19:25:24 +0000 2020,0.0,0.0,0.0,1.0,"Acclaimed Executive Producers @Alex_Kurtzman and Jenny Lumet talk about their new drama #Clarice, coming soon to CB‚Ä¶ https://t.co/BMEBRizKOg"
145,@CBS,46,Tue May 19 19:24:12 +0000 2020,0.0,0.0,0.0,1.0,"Before #TheEqualizer joins the New 2020-2021 CBS Primetime Schedule, Executive Producer and Star @QueenLatifah and‚Ä¶ https://t.co/2zZH1GMzJY"
146,@CBS,47,Tue May 19 19:20:33 +0000 2020,0.3612,0.0,0.122,0.878,"From Executive Producers Chuck Lorre and Marco Pennette comes #BPositive, a new CBS comedy about getting a life. https://t.co/6hzgboonZT"
147,@CBS,48,Tue May 19 19:19:00 +0000 2020,0.6318,0.0,0.213,0.787,We're so excited to share the New 2020-2021 CBS Primetime Schedule with you. For more information about the new lin‚Ä¶ https://t.co/6QD5FgFHrg
148,@CBS,49,Tue May 19 18:04:08 +0000 2020,0.7777,0.0,0.236,0.764,RT @thegoodfight: Psst... Hey! Have a friend who still hasn't seen #TheGoodFight? Now's the time to change that with a one month free trial‚Ä¶
149,@CBS,50,Mon May 18 23:55:17 +0000 2020,0.34,0.0,0.112,0.888,RT @TheTalkCBS: The hosts play a quarantine ‚ÄúQuickie Deals‚Äù version of @letsmakeadeal with @WayneBrady and Jonathan Mangum (@Mangum1) and d‚Ä¶
150,@CBS,51,Mon May 18 23:26:20 +0000 2020,0.0,0.0,0.0,1.0,"Near, far, wherever you are, #CBSMovieNight has Titanic this week. We set sail this Sunday at 7pm/6c on CBS and‚Ä¶ https://t.co/dREVRylekC"
151,@CBS,52,Mon May 18 21:31:17 +0000 2020,0.3818,0.107,0.206,0.687,"RT @broke: On this week's new #JaimesHappyHour, #Broke's @JaimeCamil welcomes the hilarious @IanKarmel from the new CBS show @GameOn and Th‚Ä¶"
152,@CBS,53,Mon May 18 20:24:16 +0000 2020,-0.2023,0.122,0.0,0.878,"As we continue to experience these strange times, remember to stay connected. #AloneTogether https://t.co/49hz15cO3k"
153,@CBS,54,Mon May 18 02:30:07 +0000 2020,0.4404,0.0,0.139,0.861,"Thanks for watching #MissionImpossible with us. Tune in Sunday, May 24 at 7/6c for next week's #CBSMovieNight, Tita‚Ä¶ https://t.co/osqY9RXH1s"
154,@CBS,55,Mon May 18 02:29:48 +0000 2020,0.0,0.0,0.0,1.0,"Same, after watching all that action. #CBSMovieNight https://t.co/tR8HSjj8hj"
155,@CBS,56,Mon May 18 02:25:21 +0000 2020,0.0,0.0,0.0,1.0,It's the conductor's last day before retirement. He doesn't have time for this. #CBSMovieNight https://t.co/Wtp9kNz3pN
156,@CBS,57,Mon May 18 02:24:23 +0000 2020,0.802,0.0,0.34,0.66,We love an old-timey chunnel pursuit sequence. What's your favorite stunt from the #MissionImpossible movies?‚Ä¶ https://t.co/xWVTWHQWFT
157,@CBS,58,Mon May 18 02:22:40 +0000 2020,0.0,0.0,0.0,1.0,"How we remember our commute

#CBSMovieNight https://t.co/68aYfEZWKx"
158,@CBS,59,Mon May 18 02:07:30 +0000 2020,0.0,0.0,0.0,1.0,@JohnGumm @Bob_Herzog @Local12 @dopplertim @TomCruise There's still time. https://t.co/5CBa38hzbR
159,@CBS,60,Mon May 18 02:05:47 +0000 2020,0.0,0.0,0.0,1.0,"@TeamRickandIlsa Especially the tall, bearded Russian guy in the beginning of the movie! üòâ #CBSMovieNight"
160,@CBS,61,Mon May 18 02:04:50 +0000 2020,0.7424,0.0,0.259,0.741,@ReparSandra We're in for the long haul! Just wait until Titanic next week.  üòä #CBSMovieNight https://t.co/CGB12ljHsk
161,@CBS,62,Mon May 18 02:00:00 +0000 2020,0.4939,0.0,0.167,0.833,"Inspired by another classic, THAT scene is even more iconic than you may have thought. #CBSMovieNight https://t.co/omQnD2D4Is"
162,@CBS,63,Mon May 18 01:59:24 +0000 2020,0.5023,0.0,0.265,0.735,@CathyWanza We remember (but we're like 90). üòâ https://t.co/RwBgd4LnPe
163,@CBS,64,Mon May 18 01:50:11 +0000 2020,0.0,0.0,0.0,1.0,@MrPEC_Tacular https://t.co/F0WOmcacKQ
164,@CBS,65,Mon May 18 01:38:38 +0000 2020,0.4939,0.0,0.262,0.738,"When you discover you're out of hand sanitizer 

#CBSMovieNight https://t.co/FUX8jo5HCJ"
165,@CBS,66,Mon May 18 01:37:18 +0000 2020,0.4939,0.0,0.158,0.842,"Does anyone have this level of core strength at this point of the quarantine? OK, probably @TomCruise.‚Ä¶ https://t.co/SPsnWXT2Mw"
166,@CBS,67,Mon May 18 01:35:41 +0000 2020,0.3818,0.077,0.15,0.773,"To be honest, didn't we all have this look of anxiety when working on computers in 1996? #CBSMovieNight https://t.co/yIPO3tL22I"
167,@CBS,68,Mon May 18 01:35:13 +0000 2020,-0.1779,0.108,0.0,0.892,It's weird to think that this is how we used to read email. #CBSMovieNight https://t.co/nz4CzzhGAu
168,@CBS,69,Mon May 18 01:22:49 +0000 2020,0.0,0.0,0.0,1.0,"Ethan's really cruising.

Oh, we see what we did there. #CBSMovieNight https://t.co/i89gn4sJud"
169,@CBS,70,Mon May 18 01:21:19 +0000 2020,0.0,0.0,0.0,1.0,Pssh. Of course the answer is that Tom Cruise does his own stunts. üôÉ https://t.co/TfqO1dYXiX
170,@CBS,71,Mon May 18 01:02:10 +0000 2020,0.0,0.0,0.0,1.0,What we say when we encounter two doctors. (We'll see ourselves out.) #CBSMovieNight https://t.co/3w4ybsfFHh
171,@CBS,72,Mon May 18 01:00:18 +0000 2020,0.0,0.0,0.0,1.0,Who was Tom Cruise‚Äôs Stunt Double in #MissionImpossible? #CBSMovieNight
172,@CBS,73,Mon May 18 00:49:56 +0000 2020,0.0,0.0,0.0,1.0,"Remember when we had to type ""INTERNET ACCESS"" to log on to the internet? Neither do we. #CBSMovieNight https://t.co/qv9Z4bbKsw"
173,@CBS,74,Mon May 18 00:47:35 +0000 2020,-0.2263,0.147,0.0,0.853,#TFW when you forget why you walked in this room. #CBSMovieNight https://t.co/kAEBGTWgQj
174,@CBS,75,Mon May 18 00:38:31 +0000 2020,0.0,0.0,0.0,1.0,"In the end, the aquarium restaurant tanked.

See @TomCruise talk to @etnow back in 1996 about the making of the res‚Ä¶ https://t.co/sC1Jch3raa"
175,@CBS,76,Mon May 18 00:36:56 +0000 2020,0.0,0.0,0.0,1.0,"Logging into your tenth Zoom meeting of the day

#CBSMovieNight https://t.co/c7MJHMQiSX"
176,@CBS,77,Mon May 18 00:35:35 +0000 2020,0.0,0.0,0.0,1.0,The correct answer was Job 314. https://t.co/ww4IP4Uc8L
177,@CBS,78,Mon May 18 00:30:11 +0000 2020,0.2682,0.0,0.188,0.812,We bet today's spies dress more business casual. #CBSMovieNight https://t.co/H058l9jEsU
178,@CBS,79,Mon May 18 00:30:00 +0000 2020,-0.101,0.08,0.0,0.92,An all-time action film with a more stealthy take on the star of the show. #CBSMovieNight https://t.co/usLr0kv5t6
179,@CBS,80,Mon May 18 00:24:17 +0000 2020,0.802,0.0,0.539,0.461,"@frid_barnabas Yeah, it is. üòä https://t.co/r9oxrfjTo6"
180,@CBS,81,Mon May 18 00:23:16 +0000 2020,0.6239,0.0,0.211,0.789,"RT @CBSAllAccess: Your mission, should you choose to accept it: join us to watch #MissionImpossible on @CBS and #CBSAllAccess LIVE! #CBSMov‚Ä¶"
181,@CBS,82,Mon May 18 00:15:28 +0000 2020,0.0,0.0,0.0,1.0,Ethan Hunt figures out the connection between a Bible verse and a hidden identity. What was the code name? #CBSMovieNight
182,@CBS,83,Mon May 18 00:13:45 +0000 2020,0.3612,0.0,0.172,0.828,"Trying to determine which show you're going to binge next like

#CBSMovieNight https://t.co/ntVcicJdpz"
183,@CBS,84,Mon May 18 00:11:55 +0000 2020,-0.296,0.136,0.0,0.864,"Stop trying to make ""Hasta lasagna, don't get any on ya"" happen, Jack. #CBSMovieNight https://t.co/3keX7hBadd"
184,@CBS,85,Mon May 18 00:09:26 +0000 2020,0.4939,0.0,0.39,0.61,Mission: Adorable. And Deadly #CBSMovieNight https://t.co/i2cFUROtjD
185,@CBS,86,Mon May 18 00:08:50 +0000 2020,0.0,0.0,0.0,1.0,"""We need to talk"" is a look. #CBSMovieNight https://t.co/Px2ToxbaXe"
186,@CBS,87,Mon May 18 00:08:14 +0000 2020,0.4767,0.0,0.171,0.829,This advice is what makes us such an effective spy while sheltering in place. #CBSMovieNight https://t.co/IVTcXsgriu
187,@CBS,88,Mon May 18 00:06:27 +0000 2020,0.5023,0.0,0.14,0.86,"When you listen to the #MissionImpossible theme song, but like, *really* listen to it.

Did you know this movie's v‚Ä¶ https://t.co/ssL56uTCUS"
188,@CBS,89,Mon May 18 00:05:00 +0000 2020,0.4019,0.0,0.119,0.881,"A special Tom Cruise Easter Egg hidden, with a call back to another one of his most famous roles. #CBSMovieNight https://t.co/sr5s5YicNc"
189,@CBS,90,Mon May 18 00:04:24 +0000 2020,0.0,0.0,0.0,1.0,"Come on, everybody. Sing along! You know the words: Dun dun DUN dun, DUN dun dun dun. #CBSMovieNight https://t.co/BTWI1uhBk5"
190,@CBS,91,Mon May 18 00:03:53 +0000 2020,0.8172,0.0,0.652,0.348,Cheers to another great #CBSMovieNight! https://t.co/iUrQXo9whK
191,@CBS,92,Mon May 18 00:00:00 +0000 2020,0.0,0.0,0.0,1.0,We're going back to the beginning for @TomCruise as Ethan Hunt. #CBSMovieNight's presentation of Mission: Impossibl‚Ä¶ https://t.co/cU0B3GTL2G
192,@CBS,93,Sun May 17 21:59:55 +0000 2020,0.3818,0.0,0.12,0.88,"RT @latelateshow: ‚ÄúMission Impossible‚Äù will be airing during tonight‚Äôs #CBSMovieNight 

If you choose to accept this mission, tune into @CB‚Ä¶"
193,@CBS,94,Sun May 17 20:04:51 +0000 2020,0.0,0.0,0.0,1.0,RT @YandR_CBS: It‚Äôs a week full of Winters starting tomorrow on #YR! ‚ù§Ô∏è Reminisce on the history of this iconic Genoa City family and tune‚Ä¶
194,@CBS,95,Sun May 17 19:01:07 +0000 2020,0.0,0.0,0.0,1.0,RT @CBSSunday: Working from home: @tonydokoupil and @KatyTurNBC on broadcasting live from their basement https://t.co/M2p6z3iT03 https://t.‚Ä¶
195,@CBS,96,Sun May 17 18:42:09 +0000 2020,0.5574,0.085,0.223,0.692,"In case you missed it, or if you'd just like to graduate again, #GraduateTogether: America Honors the Class of 2020‚Ä¶ https://t.co/yi8m5HoH23"
196,@CBS,97,Sun May 17 15:37:24 +0000 2020,0.0,0.0,0.0,1.0,Your mission begins TONIGHT. Watch #MissionImpossible on #CBSMovieNight starting at 8/7c on CBS and @CBSAllAccess. https://t.co/xCmfOdrkUz
197,@CBS,98,Sun May 17 01:25:58 +0000 2020,0.0,0.0,0.0,1.0,"""This is your generation‚Äôs world to shape.""

View @BarackObama's complete commencement address to the graduating hi‚Ä¶ https://t.co/NgX1Fz8oDu"
198,@CBS,99,Sun May 17 01:10:42 +0000 2020,0.6932,0.0,0.417,0.583,JOIN THEM! #GraduateTogether (video courtesy of @XQAmerica and @EIFoundation) https://t.co/PzHOuUBKhm
199,@CBS,100,Sun May 17 00:57:10 +0000 2020,0.6467,0.0,0.322,0.678,"Happy Graduation, Class of 2020! You did it! #GraduateTogether https://t.co/im5PpInc4O"
200,@CNN,1,Fri May 22 19:10:02 +0000 2020,0.0,0.0,0.0,1.0,"Virginia Gov. Ralph Northam has signed legislation that decriminalizes marijuana possession, joining a majority of‚Ä¶ https://t.co/CAWRaxt28h"
201,@CNN,2,Fri May 22 18:59:41 +0000 2020,0.296,0.0,0.128,0.872,"President Trump announced that his administration is issuing guidance deeming places of worship ""essential"" during‚Ä¶ https://t.co/cZvSPxTtm9"
202,@CNN,3,Fri May 22 18:50:03 +0000 2020,0.0,0.0,0.0,1.0,"A giant wave has appeared on the LED fa√ßade of South Korea's biggest digital billboard, located in Seoul's Gangnam‚Ä¶ https://t.co/b4z6yy7uKe"
203,@CNN,4,Fri May 22 18:40:04 +0000 2020,-0.8977,0.498,0.0,0.502,"Most of us are stressed. Really stressed.

The reality of job losses, economic uncertainty, social isolation, homes‚Ä¶ https://t.co/t4cg1E5sh6"
204,@CNN,5,Fri May 22 18:34:12 +0000 2020,0.5994,0.0,0.247,0.753,"RT @CNNnewsroom: Dr. Deborah Birx encourages people to enjoy their holiday weekend, but to practice social distancing. 

‚ÄúWe continue to re‚Ä¶"
205,@CNN,6,Fri May 22 18:30:16 +0000 2020,0.25,0.0,0.077,0.923,"""My dream is to meet every kid in the entire world and give them art."" This girl has sent over 1,500 children in ho‚Ä¶ https://t.co/mt5iHaBSOL"
206,@CNN,7,Fri May 22 18:20:06 +0000 2020,0.25,0.0,0.087,0.913,"Scientists have created a mouse embryo that's part human ‚Äî 4% to be exact.

This human-mouse chimera has by far the‚Ä¶ https://t.co/CJfcbq2GGF"
207,@CNN,8,Fri May 22 18:10:05 +0000 2020,-0.4404,0.224,0.101,0.675,"Secretary of State Mike Pompeo has condemned China's proposed national security law for Hong Kong, warning that the‚Ä¶ https://t.co/901TKgdGGd"
208,@CNN,9,Fri May 22 18:00:06 +0000 2020,-0.3818,0.12,0.0,0.88,Mike Pompeo pushed State Department officials to find a way to justify the emergency declaration that he had alread‚Ä¶ https://t.co/qazt1XEyTx
209,@CNN,10,Fri May 22 17:51:39 +0000 2020,-0.8255,0.366,0.0,0.634,Seriously ill Covid-19 patients who were treated with hydroxychloroquine and chloroquine were more likely to die or‚Ä¶ https://t.co/eEfyaYHsdi
210,@CNN,11,Fri May 22 17:40:33 +0000 2020,0.0,0.0,0.0,1.0,"Now that so many companies are working remotely, job interviews are happening on a computer screen. That brings add‚Ä¶ https://t.co/qLHadFWd8C"
211,@CNN,12,Fri May 22 17:30:07 +0000 2020,-0.765,0.268,0.0,0.732,A man who recorded the fatal shooting of Ahmaud Arbery in Georgia was arrested in part because investigators believ‚Ä¶ https://t.co/6ZeTDY8w9D
212,@CNN,13,Fri May 22 17:20:04 +0000 2020,-0.1027,0.069,0.0,0.931,"""Those living in America's biggest cities may be questioning whether they should hunker down or flee to bigger, mor‚Ä¶ https://t.co/TKXVlOBIiy"
213,@CNN,14,Fri May 22 17:10:08 +0000 2020,-0.7351,0.307,0.0,0.693,Actress Lori Loughlin and fashion designer husband Mossimo Giannulli formally pleaded guilty to conspiracy charges‚Ä¶ https://t.co/XbJ7TUlAIn
214,@CNN,15,Fri May 22 17:04:12 +0000 2020,-0.7096,0.269,0.0,0.731,Unemployment rates in 43 states set record highs last month as the coronavirus pandemic forced nonessential busines‚Ä¶ https://t.co/vhgyxkwGit
215,@CNN,16,Fri May 22 16:50:06 +0000 2020,-0.6705,0.224,0.0,0.776,"A lawyer who represented Tara Reade, the woman who has accused Joe Biden of sexually assaulting her in 1993, announ‚Ä¶ https://t.co/inBWY5t72u"
216,@CNN,17,Fri May 22 16:40:04 +0000 2020,0.0,0.0,0.0,1.0,"Travelers to the UK will be required to self-isolate for 14 days, beginning June 8. https://t.co/wl9efe70bn"
217,@CNN,18,Fri May 22 16:30:24 +0000 2020,0.0,0.0,0.0,1.0,"Jerry Sloan, the longtime Utah Jazz head coach who led the team to the NBA Finals twice and ranks third among NBA c‚Ä¶ https://t.co/BEOgRvqTt7"
218,@CNN,19,Fri May 22 16:22:58 +0000 2020,0.0,0.0,0.0,1.0,A Dutch court has ordered a woman to remove photos of her grandchildren from Facebook. The grandmother had made the‚Ä¶ https://t.co/xLlMHQQmyA
219,@CNN,20,Fri May 22 16:10:01 +0000 2020,0.0,0.0,0.0,1.0,"Here's everything you need to know about the coronavirus pandemic today: https://t.co/W9cKHsPoSr

üì© Sign up to get‚Ä¶ https://t.co/MqvHrxUYjH"
220,@CNN,21,Fri May 22 16:00:18 +0000 2020,0.0,0.0,0.0,1.0,"Senate Republicans say investigations into the Obama administration and former VP Joe Biden, the presumptive Democr‚Ä¶ https://t.co/53SwsDXftT"
221,@CNN,22,Fri May 22 15:50:06 +0000 2020,-0.7717,0.325,0.0,0.675,A church that had been battling city officials over Covid-19 restrictions was destroyed in a fire that investigator‚Ä¶ https://t.co/q4eOYcrSUw
222,@CNN,23,Fri May 22 15:40:06 +0000 2020,0.0,0.0,0.0,1.0,"When Kendall Neff tried the pizza she ordered on Grubhub from a local shop, she thought it tasted familiar.

After‚Ä¶ https://t.co/o6ggX0EtUk"
223,@CNN,24,Fri May 22 15:30:06 +0000 2020,-0.7003,0.254,0.0,0.746,Immigrant rights advocates say there are signs that fears of coronavirus contagion are intensifying for the more th‚Ä¶ https://t.co/nwi58jhcpz
224,@CNN,25,Fri May 22 15:20:06 +0000 2020,0.0,0.143,0.19,0.667,"The coronavirus pandemic has forced many companies to embrace work-from-home solutions. For some, the transition ma‚Ä¶ https://t.co/xQ7dZpn9FC"
225,@CNN,26,Fri May 22 15:19:00 +0000 2020,0.0,0.0,0.0,1.0,"A giant wave has appeared on the LED fa√ßade of South Korea's biggest digital billboard, located in Seoul's Gangnam‚Ä¶ https://t.co/Vui6rS20cb"
226,@CNN,27,Fri May 22 15:10:02 +0000 2020,0.1779,0.057,0.09,0.853,These adventurers were all set to leave the wooden hut they've been calling home during a nearly 9-month expedition‚Ä¶ https://t.co/VJDolx797l
227,@CNN,28,Fri May 22 15:07:07 +0000 2020,0.0,0.0,0.0,1.0,RT @CNNnewsroom: What are your education-related questions about coronavirus? @FWhitfield and a panel of experts will be answering them on‚Ä¶
228,@CNN,29,Fri May 22 15:00:09 +0000 2020,0.34,0.0,0.118,0.882,"The TSA says more than 300,000 people passed through airport security checkpoints Thursday, the first time that has‚Ä¶ https://t.co/jG1zYvIaoz"
229,@CNN,30,Fri May 22 14:50:07 +0000 2020,-0.4404,0.224,0.101,0.675,"Secretary of State Mike Pompeo has condemned China's proposed national security law for Hong Kong, warning that the‚Ä¶ https://t.co/JvzyHCVvQD"
230,@CNN,31,Fri May 22 14:40:06 +0000 2020,0.7003,0.0,0.244,0.756,It's becoming clear that the Paycheck Protection Program loans won't be enough to save many small businesses as the‚Ä¶ https://t.co/1GMTUlHa80
231,@CNN,32,Fri May 22 14:36:15 +0000 2020,0.0,0.0,0.0,1.0,"RT @cnni: ‚ö°Ô∏è ‚ÄúCould this be the end of Hong Kong as we know it?‚Äù

As the world wrestles with a global pandemic, China is proposing to intro‚Ä¶"
232,@CNN,33,Fri May 22 14:30:04 +0000 2020,0.0,0.0,0.0,1.0,"Some governments are considering using a blood test to determine whether people can return to work, school and othe‚Ä¶ https://t.co/OmTz3q7nPP"
233,@CNN,34,Fri May 22 14:20:04 +0000 2020,0.0,0.0,0.0,1.0,"The shift to extended telework policies may have far-reaching consequences for the tech industry, affecting wages,‚Ä¶ https://t.co/K9yJaHyW2I"
234,@CNN,35,Fri May 22 14:10:03 +0000 2020,0.0,0.0,0.0,1.0,"Virginia Gov. Ralph Northam has signed legislation that decriminalizes marijuana possession, joining a majority of‚Ä¶ https://t.co/eKCVJU833B"
235,@CNN,36,Fri May 22 14:00:03 +0000 2020,-0.4939,0.138,0.0,0.862,"Backyard fowl are at the center of a recent salmonella outbreak that's infected 97 people in 28 states, according t‚Ä¶ https://t.co/DkxFLkB4gu"
236,@CNN,37,Fri May 22 13:53:43 +0000 2020,-0.8255,0.366,0.0,0.634,Seriously ill Covid-19 patients who were treated with hydroxychloroquine and chloroquine were more likely to die or‚Ä¶ https://t.co/sQqiBcK9EK
237,@CNN,38,Fri May 22 13:52:16 +0000 2020,0.4215,0.0,0.157,0.843,"Retail sales of antimalarial drug hydroxychloroquine, which President Trump has promoted as a potential coronavirus‚Ä¶ https://t.co/0J1SocV6fJ"
238,@CNN,39,Fri May 22 13:40:06 +0000 2020,0.4215,0.0,0.135,0.865,The powerful cyclone that slammed into the coastal region where India and Bangladesh meet likely caused $13.2 billi‚Ä¶ https://t.co/9aSICprXhn
239,@CNN,40,Fri May 22 13:30:10 +0000 2020,0.0,0.0,0.0,1.0,Monica V. Garcia and her family are among the thousands of Latinos across the US who have been disproportionately a‚Ä¶ https://t.co/YfOHHh6XoI
240,@CNN,41,Fri May 22 13:21:33 +0000 2020,0.4215,0.0,0.157,0.843,"The United Nations rapporteur for extrajudicial executions, Agnes Callamard, who led a high-profile investigation i‚Ä¶ https://t.co/YGBRGYuHOV"
241,@CNN,42,Fri May 22 13:20:08 +0000 2020,-0.4019,0.196,0.119,0.685,"The children of slain Saudi journalist Jamal Khashoggi have publicly forgiven their father's killers, sparing five‚Ä¶ https://t.co/mQaerSTiC0"
242,@CNN,43,Fri May 22 13:15:14 +0000 2020,-0.1477,0.161,0.145,0.694,"RT @NewDay: ‚ÄúI, like all of us, felt very much impotent and powerless in the middle of the pandemic. So I felt this sounds like maybe I can‚Ä¶"
243,@CNN,44,Fri May 22 13:10:00 +0000 2020,0.0,0.0,0.0,1.0,"A pub owner in Washington, DC, had to lay off 138 of his employees. But even as his savings dry up and debts mount,‚Ä¶ https://t.co/Jp37GBWG6q"
244,@CNN,45,Fri May 22 13:00:14 +0000 2020,-0.5267,0.214,0.113,0.672,"If you're waking up feeling stressed or overwhelmed with the thought of beginning another day in isolation, a daily‚Ä¶ https://t.co/o9ow637LbB"
245,@CNN,46,Fri May 22 12:45:08 +0000 2020,-0.4019,0.119,0.0,0.881,"At least 11 bodies from the scene of the Pakistani airliner crash were brought to Jinnah Hospital, a hospital spoke‚Ä¶ https://t.co/JwKBkEwQ4w"
246,@CNN,47,Fri May 22 12:30:07 +0000 2020,-0.8977,0.498,0.0,0.502,"Most of us are stressed. Really stressed.

The reality of job losses, economic uncertainty, social isolation, homes‚Ä¶ https://t.co/azH9Ah8wSJ"
247,@CNN,48,Fri May 22 12:22:21 +0000 2020,-0.6249,0.146,0.0,0.854,"RT @NewDay: ‚ÄúIt‚Äôs the worst thing we have ever faced in our professional lives.‚Äù
Take a look inside a hospital in Sao Paulo, Brazil, where‚Ä¶"
248,@CNN,49,Fri May 22 12:15:06 +0000 2020,0.7906,0.0,0.333,0.667,"The developments in the vegan food industry, growing acceptance of the diet and proliferation of talented vegan foo‚Ä¶ https://t.co/oNtKTUsC5O"
249,@CNN,50,Fri May 22 12:00:10 +0000 2020,0.4019,0.0,0.13,0.87,.@FareedZakaria investigates China and Covid-19. Discover what he learned in the new CNN Special Report ‚Äì China‚Äôs D‚Ä¶ https://t.co/fZvluPoPiM
250,@CNN,51,Fri May 22 11:45:04 +0000 2020,0.743,0.0,0.283,0.717,We asked two infectious disease experts about how to have coronavirus-free fun at your favorite waterfronts. Here's‚Ä¶ https://t.co/5H4I18Noqs
251,@CNN,52,Fri May 22 11:30:10 +0000 2020,0.0,0.0,0.0,1.0,Summer is not completely canceled. Here are 100 things we can do with or without kids. https://t.co/uvmOVDHhKu
252,@CNN,53,Fri May 22 11:19:04 +0000 2020,0.0,0.0,0.0,1.0,A Pakistan International Airlines flight with more than 100 people on board has crashed in the Pakistani city of Ka‚Ä¶ https://t.co/xc97EROCBT
253,@CNN,54,Fri May 22 11:05:59 +0000 2020,0.1531,0.074,0.099,0.826,"RT @cnni: As the world wrestles with a global pandemic, China has proposed a controversial national security law, which goes beyond anythin‚Ä¶"
254,@CNN,55,Fri May 22 11:04:00 +0000 2020,0.0,0.0,0.0,1.0,Think you're a seasoned globetrotter? Put your knowledge to the test in this quiz https://t.co/BDXmCxIfkB https://t.co/iP2f5Or9dl
255,@CNN,56,Fri May 22 11:00:10 +0000 2020,0.0,0.0,0.0,1.0,"BREAKING: A Pakistan Airlines flight with more than 100 people on board has crashed in the city of Karachi, a spoke‚Ä¶ https://t.co/YEjisu2Zi8"
256,@CNN,57,Fri May 22 10:53:06 +0000 2020,-0.2732,0.091,0.0,0.909,"President Trump confirmed the US will be exiting the Open Skies Treaty, a pact designed to reduce the risk of milit‚Ä¶ https://t.co/933SmyGz5r"
257,@CNN,58,Fri May 22 10:44:03 +0000 2020,0.0,0.0,0.0,1.0,"Schools must keep the coronavirus from entering campuses, and that will mean health checks, temperature screenings,‚Ä¶ https://t.co/1LFnnOjNee"
258,@CNN,59,Fri May 22 10:37:29 +0000 2020,-0.4404,0.146,0.0,0.854,"Farmers, restauranteurs and others in the food industry worry about the future of the national food-service supply‚Ä¶ https://t.co/721WGgKcKX"
259,@CNN,60,Fri May 22 10:05:03 +0000 2020,0.34,0.0,0.124,0.876,A three-judge appeals court panel has ordered the trial judge overseeing former Trump national security adviser Mic‚Ä¶ https://t.co/rE0K2dFZI7
260,@CNN,61,Fri May 22 09:58:02 +0000 2020,0.4703,0.0,0.17,0.83,This extreme parkour team likes to leap between skyscrapers and launch themselves off cliffs https://t.co/YBGyGxXgEv https://t.co/e96ZcO87NI
261,@CNN,62,Fri May 22 09:48:07 +0000 2020,0.0,0.0,0.0,1.0,"Bugs crawling on your strawberries? That's normal, according to some experts, despite a recent TikTok trend that su‚Ä¶ https://t.co/UYFqdBRAD6"
262,@CNN,63,Fri May 22 09:37:06 +0000 2020,0.4019,0.0,0.109,0.891,New Zealand's Jacinda Ardern has floated the idea of a four-day working week to help the economy in the wake of the‚Ä¶ https://t.co/xzkGH3XMnb
263,@CNN,64,Fri May 22 09:31:07 +0000 2020,0.5719,0.0,0.163,0.837,"Following the success of ""The Last Dance,"" a 10-part documentary series about Michael Jordan, ESPN is producing a n‚Ä¶ https://t.co/u5wYS4V5EW"
264,@CNN,65,Fri May 22 09:22:03 +0000 2020,0.25,0.0,0.087,0.913,"Scientists have created a mouse embryo that's part human ‚Äî 4% to be exact.

This human-mouse chimera has by far the‚Ä¶ https://t.co/DGIgkL6BRr"
265,@CNN,66,Fri May 22 09:10:03 +0000 2020,-0.128,0.077,0.0,0.923,President Donald Trump announced Thursday that flags on federal buildings will be lowered to half-staff over the co‚Ä¶ https://t.co/feGlockOmt
266,@CNN,67,Fri May 22 08:50:04 +0000 2020,0.8818,0.0,0.35,0.65,"""You have been so strong and I am proud of the examples you have become."" 

First lady Melania Trump thanked studen‚Ä¶ https://t.co/QgXkx7z7YW"
267,@CNN,68,Fri May 22 08:40:05 +0000 2020,0.0516,0.096,0.104,0.8,China will not set a specific target for economic growth this year ‚Äî a sign of how much uncertainty the coronavirus‚Ä¶ https://t.co/VUsFBi0gdj
268,@CNN,69,Fri May 22 08:40:04 +0000 2020,0.4019,0.0,0.109,0.891,New Zealand's Jacinda Ardern has floated the idea of a four-day working week to help the economy in the wake of the‚Ä¶ https://t.co/lDM6Foj5mF
269,@CNN,70,Fri May 22 08:30:08 +0000 2020,-0.4215,0.113,0.0,0.887,Hong Kong's Hang Seng Index dropped more than 5% on Friday after news broke that Beijing would move to pass a hugel‚Ä¶ https://t.co/kkNBjoVVRm
270,@CNN,71,Fri May 22 08:22:03 +0000 2020,0.4215,0.106,0.23,0.664,Drug smugglers took advantage of the current pandemic to conceal methamphetamine in shipments of hand sanitizer and‚Ä¶ https://t.co/AXQArjd1U0
271,@CNN,72,Fri May 22 08:10:02 +0000 2020,0.2732,0.0,0.095,0.905,"When Eric Yuan founded Zoom, he set out to create a 'frictionless' video conferencing app to be used by businesses.‚Ä¶ https://t.co/TxvSW9RJ5I"
272,@CNN,73,Fri May 22 08:00:53 +0000 2020,0.0,0.0,0.0,1.0,Victoria's Secret is permanently closing 250 stores in the US and Canada https://t.co/ECHjvgzbEA
273,@CNN,74,Fri May 22 07:51:07 +0000 2020,0.0516,0.105,0.113,0.781,"By refusing to wear a facemask on camera, Trump signaled to core supporters that he stands with their demands to ge‚Ä¶ https://t.co/dZMwN7BqCu"
274,@CNN,75,Fri May 22 07:40:55 +0000 2020,0.0,0.0,0.0,1.0,"In new guidance for mathematical modelers and public health officials, the US Centers for Disease Control and Preve‚Ä¶ https://t.co/OjjlvIyFg6"
275,@CNN,76,Fri May 22 07:31:07 +0000 2020,-0.128,0.127,0.104,0.769,This former bartender and his team of volunteers are making sure struggling restaurant workers in North Carolina ha‚Ä¶ https://t.co/ZRfL7JK6Vb
276,@CNN,77,Fri May 22 07:23:03 +0000 2020,-0.8126,0.27,0.0,0.73,"A Long Island man was stabbed and killed by his son during a Zoom video chat with several people Thursday, Suffolk‚Ä¶ https://t.co/lsVaIaemUx"
277,@CNN,78,Fri May 22 07:10:08 +0000 2020,0.0,0.0,0.0,1.0,"Bugs crawling on your strawberries? That's normal, according to some experts, despite a recent TikTok trend that su‚Ä¶ https://t.co/Ciwr4GF6a8"
278,@CNN,79,Fri May 22 07:01:03 +0000 2020,-0.2732,0.1,0.0,0.9,"The drop in travel due to the coronavirus pandemic, plus a steep pullback in consumer spending on discretionary ite‚Ä¶ https://t.co/EWI8j6smYY"
279,@CNN,80,Fri May 22 06:45:17 +0000 2020,0.6652,0.0,0.206,0.794,"You can try all you want to open the country, but without schools and summer camps and child care, the country will‚Ä¶ https://t.co/iA8sHOswNt"
280,@CNN,81,Fri May 22 06:31:02 +0000 2020,0.0,0.0,0.0,1.0,"Memorial Day marks the symbolic start of summer in the US.

With Covid-19 still spreading, most beaches have issued‚Ä¶ https://t.co/20pqIKlFnM"
281,@CNN,82,Fri May 22 06:14:02 +0000 2020,0.0,0.0,0.0,1.0,McConnell acknowledged on a private call with House Republicans on Wednesday that Congress may have to pass further‚Ä¶ https://t.co/4lpIDdm951
282,@CNN,83,Fri May 22 06:01:04 +0000 2020,0.25,0.0,0.087,0.913,"Scientists have created a mouse embryo that's part human ‚Äî 4% to be exact.

This human-mouse chimera has by far the‚Ä¶ https://t.co/aMzZ4yrdrv"
283,@CNN,84,Fri May 22 05:45:01 +0000 2020,0.0,0.0,0.0,1.0,"At one grocery store's salad bar, what used to be filled with lettuce, tomatoes and cucumbers is now filled with mi‚Ä¶ https://t.co/9Jctcha4tY"
284,@CNN,85,Fri May 22 05:31:07 +0000 2020,0.5719,0.0,0.163,0.837,"Following the success of ""The Last Dance,"" a 10-part documentary series about Michael Jordan, ESPN is producing a n‚Ä¶ https://t.co/DLpS0bYgGL"
285,@CNN,86,Fri May 22 05:13:56 +0000 2020,-0.5574,0.167,0.0,0.833,"Wilson Roosevelt Jerman, a former White House butler who worked under 11 US Presidents, has died after contracting‚Ä¶ https://t.co/qzIsn0QOxR"
286,@CNN,87,Fri May 22 05:01:04 +0000 2020,-0.2263,0.106,0.0,0.894,The Small Business Administration is demanding at least one Planned Parenthood affiliate return a Paycheck Protecti‚Ä¶ https://t.co/0AG0f38Jan
287,@CNN,88,Fri May 22 04:51:39 +0000 2020,0.0,0.0,0.0,1.0,House Democratic lawmakers urged the Trump administration in a letter Thursday to explain reported incidents of Imm‚Ä¶ https://t.co/tKuZnDQZpk
288,@CNN,89,Fri May 22 04:42:00 +0000 2020,-0.0258,0.129,0.125,0.745,"The city of Montgomery, Alabama, which has only one intensive care unit bed left, is sending sick patients to Birmi‚Ä¶ https://t.co/f5IpYH0KGF"
289,@CNN,90,Fri May 22 04:35:44 +0000 2020,-0.7861,0.267,0.0,0.733,"RT @CNNTonight: CNN's Ron Brownstein says President Trump ""has fundamentally lost this war"" over states expanding voting by mail.

""The str‚Ä¶"
290,@CNN,91,Fri May 22 04:35:28 +0000 2020,0.25,0.0,0.077,0.923,"""My dream is to meet every kid in the entire world and give them art."" This girl has sent over 1,500 children in ho‚Ä¶ https://t.co/k5DBo8rsjo"
291,@CNN,92,Fri May 22 04:34:21 +0000 2020,0.3818,0.0,0.12,0.88,"In an effort to promote social distancing and keep students apart, one school in Denmark is holding classes inside‚Ä¶ https://t.co/W5rQUnEU5s"
292,@CNN,93,Fri May 22 04:32:25 +0000 2020,-0.3818,0.12,0.0,0.88,Mike Pompeo pushed State Department officials to find a way to justify the emergency declaration that he had alread‚Ä¶ https://t.co/yLVx1RB40x
293,@CNN,94,Fri May 22 04:23:35 +0000 2020,0.0,0.0,0.0,1.0,"‚ÄúIn the midst of a global pandemic, we were given short notice that we had to evacuate 10,000 people. We did so wit‚Ä¶ https://t.co/98l0ETVtiJ"
294,@CNN,95,Fri May 22 04:23:04 +0000 2020,-0.5267,0.159,0.0,0.841,"Michigan Gov. Gretchen Whitmer says President Trump's threat to withhold federal funds from the state because, in a‚Ä¶ https://t.co/EaTckwncyK"
295,@CNN,96,Fri May 22 04:22:18 +0000 2020,0.4019,0.0,0.124,0.876,"Michigan Gov. Gretchen Whitmer says all Americans should wear masks. 

""I would appreciate it if everyone with a pl‚Ä¶ https://t.co/atgMRWBHrP"
296,@CNN,97,Fri May 22 04:21:54 +0000 2020,0.2732,0.079,0.126,0.795,"""I am grateful for the victory,"" says Michigan Gov. Gretchen Whitmer about a judge dismissing a lawsuit filed by Re‚Ä¶ https://t.co/0WBmN9yCq3"
297,@CNN,98,Fri May 22 04:19:12 +0000 2020,0.0387,0.0,0.052,0.948,The South has always mattered in American politics. But it's about to matter even more over the next decade. | Anal‚Ä¶ https://t.co/csF9huuDXB
298,@CNN,99,Fri May 22 04:03:52 +0000 2020,-0.8126,0.27,0.0,0.73,"A Long Island man was stabbed and killed by his son during a Zoom video chat with several people Thursday, Suffolk‚Ä¶ https://t.co/2TKUOx5dxA"
299,@CNN,100,Fri May 22 03:50:55 +0000 2020,0.4391,0.087,0.162,0.751,"When ""Pac-Man"" debuted 40 years ago, no one could have predicted it would become the most successful arcade game of‚Ä¶ https://t.co/UrkJwqXO1m"
300,@Fox,1,Fri May 22 02:47:32 +0000 2020,0.4019,0.0,0.213,0.787,@callmevlad i chuckle at every single one of the troll tweets
301,@Fox,2,Fri May 22 02:43:47 +0000 2020,-0.6369,0.234,0.0,0.766,"I see many people in development paying very little attention to HTML for different reasons (fake inferiority, ‚Äùit‚Äô‚Ä¶ https://t.co/nl94LdezGt"
302,@Fox,3,Fri May 22 02:42:03 +0000 2020,0.4939,0.0,0.132,0.868,"üí°here‚Äôs another reason to care about HTML: monitoring &amp; testing tools.

any tool crawling the DOM is likely to fail‚Ä¶ https://t.co/VtxKShv1sT"
303,@Fox,4,Fri May 22 02:08:38 +0000 2020,-0.8205,0.335,0.0,0.665,@buzzusborne faving this for my next existential ‚Äùam I any good??‚Äù crisis. üò≠‚ù§Ô∏è
304,@Fox,5,Fri May 22 02:08:05 +0000 2020,0.4588,0.0,0.208,0.792,@riblah that is true. I too have been people who were pretending to be helpful but just wanted to advance themselve‚Ä¶ https://t.co/1egNAUE9ck
305,@Fox,6,Fri May 22 00:57:41 +0000 2020,0.7269,0.0,0.303,0.697,"Currently, I‚Äôm grateful for working with design-savvy &amp; product-oriented people, which drastically improved my desi‚Ä¶ https://t.co/lhemsclD0u"
306,@Fox,7,Fri May 22 00:55:59 +0000 2020,0.0,0.0,0.0,1.0,"I never had professional mentorship IN MY CAREER. I rarely had managers. If I did, they did the bare minimum or wer‚Ä¶ https://t.co/vbhZddRlGh"
307,@Fox,8,Fri May 22 00:37:03 +0000 2020,0.0,0.0,0.0,1.0,"‚ö°Ô∏èI haven‚Äôt written an article about web performance in ~month, which means it‚Äôs time for another one!

coming soon‚Ä¶ https://t.co/wqmzrP3pR3"
308,@Fox,9,Thu May 21 23:49:56 +0000 2020,0.7184,0.0,0.231,0.769,"@rauchg if you liked this, you will enjoy this netflix case study I featured a while back in @perfemail. it covers‚Ä¶ https://t.co/ZvdVDRohRW"
309,@Fox,10,Thu May 21 03:46:26 +0000 2020,0.0,0.0,0.0,1.0,@ow what is happening with these icons though
310,@Fox,11,Thu May 21 00:10:26 +0000 2020,-0.6124,0.25,0.0,0.75,"why bother working on a reasonable verification system if you can make people fight for checkmarks

https://t.co/BYV0rjWb8N"
311,@Fox,12,Wed May 20 23:03:49 +0000 2020,0.0,0.0,0.0,1.0,@meyerweb prime assholery
312,@Fox,13,Wed May 20 22:57:37 +0000 2020,0.0,0.0,0.0,1.0,"you will never verify me, you cowards

https://t.co/3uT26tY9Ow"
313,@Fox,14,Wed May 20 22:57:00 +0000 2020,-0.216,0.2,0.172,0.628,"RT @JillWetzler: Ahahahaha what a witty and clever joke about a tremendously biased and neglected feature that has been ""on hold"" for liter‚Ä¶"
314,@Fox,15,Wed May 20 04:18:46 +0000 2020,0.7184,0.0,0.28,0.72,"me: *asks a question*

@AWSSupport:

@AWSSupport: if you‚Äôd like support that will be 3% of your bill

me: fine, *pa‚Ä¶ https://t.co/bihzAynjJ3"
315,@Fox,16,Wed May 20 04:09:25 +0000 2020,-0.34,0.18,0.118,0.702,"The worst support I have ever seen in my career is hands-down @AWSSupport @awscloud. 

Endless questions unanswered‚Ä¶ https://t.co/gnrEN4EY1j"
316,@Fox,17,Wed May 20 02:04:56 +0000 2020,-0.6249,0.157,0.0,0.843,"In March, there were a lot of predictions on how the global crisis is going to hit tech companies. 

Some are true‚Ä¶ https://t.co/QRwG0sHVY7"
317,@Fox,18,Wed May 20 01:52:56 +0000 2020,0.0,0.0,0.0,1.0,@dan_abramov masculinity stereotyping.
318,@Fox,19,Wed May 20 00:21:59 +0000 2020,-0.0229,0.124,0.121,0.754,"‚ÄùI didn‚Äôt develop any enviable habits, and I‚Äôm more than OK with that. It‚Äôs an achievement to have rejected the pro‚Ä¶ https://t.co/r2eJDsODr9"
319,@Fox,20,Tue May 19 04:25:36 +0000 2020,0.6801,0.0,0.21,0.79,"A really good analysis of the Australian COVIDSafe app from both privacy and security standpoints. üëáüèª

https://t.co/u3dOlHhDdp"
320,@Fox,21,Tue May 19 00:40:00 +0000 2020,0.0,0.0,0.0,1.0,"RT @mjmichellekim: Fortune 500 CEOs
- 37 women, 34 of them white
- 3 women of color, all Asians (Indian, Taiwanese, Chinese)
- 0 Black wome‚Ä¶"
321,@Fox,22,Mon May 18 06:56:09 +0000 2020,-0.2023,0.121,0.088,0.792,"RT @perfemail: Performance Newsletter ‚Ññ49‚Äîtrack Web Vitals by @igrigorik, see JS framework impact by @tkadlec, learn if Chrome will block y‚Ä¶"
322,@Fox,23,Mon May 18 06:28:22 +0000 2020,-0.34,0.191,0.089,0.72,RT @drthema: Insecurity and imposter syndrome can create constant anxiety. Let‚Äôs breathe and give ourselves permission to release. It‚Äôs not‚Ä¶
323,@Fox,24,Mon May 18 06:13:28 +0000 2020,0.0,0.0,0.0,1.0,@jstn porn
324,@Fox,25,Mon May 18 00:57:29 +0000 2020,-0.6249,0.577,0.0,0.423,@pjrvs *insert existential crisis*
325,@Fox,26,Mon May 18 00:44:22 +0000 2020,0.0516,0.138,0.114,0.749,"@ow @pjrvs hahahaah it me üòÇ 

the problem I currently have is that the last redesign was when I still was looking f‚Ä¶ https://t.co/rwfgE0HPIx"
326,@Fox,27,Mon May 18 00:38:59 +0000 2020,0.1531,0.0,0.091,0.909,@pjrvs nearly every day i want to blog again but then I look at my website and want to redesign it and we both know how that goes
327,@Fox,28,Sun May 17 04:40:37 +0000 2020,0.4926,0.0,0.242,0.758,@jongold i thought any time was suitable for good ol shitpost?!
328,@Fox,29,Sun May 17 01:04:40 +0000 2020,0.5046,0.168,0.345,0.487,"@makenosound yeah, how could that go wrong, I really can‚Äôt tell lmao"
329,@Fox,30,Sun May 17 01:04:01 +0000 2020,-0.1326,0.148,0.116,0.736,there‚Äôs never anything good hiding under ‚Äúshow more replies‚Äù on the bird website. never.
330,@Fox,31,Sun May 17 00:36:44 +0000 2020,0.0,0.0,0.0,1.0,"If that‚Äôs the condition for going to restaurants and bars, I won‚Äôt be going. Still, can get takeaway without sacrif‚Ä¶ https://t.co/lhb9u9YIG4"
331,@Fox,32,Sun May 17 00:36:44 +0000 2020,-0.4098,0.099,0.0,0.901,Who manages this data? How long do they have it for? How many people at a given place have my data? There are no re‚Ä¶ https://t.co/3adivIh0M2
332,@Fox,33,Sun May 17 00:36:44 +0000 2020,0.2037,0.141,0.175,0.684,"Victoria announced lifting of restrictions and closures for hospitality venues, which is great.

What‚Äôs not great i‚Ä¶ https://t.co/hmzqfYA4Uj"
333,@Fox,34,Sat May 16 01:54:19 +0000 2020,-0.6124,0.191,0.068,0.741,"RT @SarahMoran: If you have a job, stand in solidarity with those who don‚Äôt.

üíî 594,300 Aussie jobs gone
üíî underemployment up 4.9% to 13.7%‚Ä¶"
334,@Fox,35,Fri May 15 23:35:19 +0000 2020,-0.25,0.2,0.0,0.8,"fb ruining gifs and expanding its tentacles, again

https://t.co/LpP8w4Ls4K"
335,@Fox,36,Fri May 15 10:54:01 +0000 2020,0.5106,0.0,0.264,0.736,@benschwarz @MelissaKaulfuss here it is; ask me anything you want to know :) https://t.co/55HQrCEKeO
336,@Fox,37,Fri May 15 09:56:27 +0000 2020,0.0,0.0,0.0,1.0,@dotmariusz woah. we have 15-25 cases a day for the whole country and only now some of the restaurants in some stat‚Ä¶ https://t.co/IMqs2bIs93
337,@Fox,38,Fri May 15 04:38:02 +0000 2020,0.7964,0.054,0.229,0.716,@alexgoffey aaahhh ü§§ I have been wondering if I should buy their book. their cakes are the best (and the most luxurious üòÇ)
338,@Fox,39,Fri May 15 02:40:18 +0000 2020,0.0,0.0,0.0,1.0,@eleanorkh and fashionable
339,@Fox,40,Fri May 15 01:53:42 +0000 2020,0.8271,0.0,0.283,0.717,"I had a responsible, socially distanced coffee walk with a friend today (üëãüèª @eleanorkh). First time in two months.‚Ä¶ https://t.co/iiqOLRkRMq"
340,@Fox,41,Fri May 15 00:33:28 +0000 2020,0.0,0.0,0.0,1.0,@csswizardry https://t.co/o4a1RleD2N
341,@Fox,42,Fri May 15 00:10:03 +0000 2020,0.0,0.0,0.0,1.0,"RT @humanworkplace: Your job title does not define you

Your salary does not define you

You are righteous with or without a job

Don‚Äôt let‚Ä¶"
342,@Fox,43,Thu May 14 08:57:15 +0000 2020,0.0,0.0,0.0,1.0,@glenmaddern singapore?? üôÉ
343,@Fox,44,Thu May 14 02:37:36 +0000 2020,0.296,0.0,0.099,0.901,we‚Äôve been quietly testing @____lighthouse 6 beta for a few months and will be running the stable version right aft‚Ä¶ https://t.co/nn8gC3xuzj
344,@Fox,45,Thu May 14 01:34:52 +0000 2020,0.0,0.0,0.0,1.0,"RT @venikunche: white women != diversity

Having just white women does not make your team or your event diverse."
345,@Fox,46,Wed May 13 06:12:46 +0000 2020,-0.6652,0.19,0.0,0.81,"@the_patima but, tbh, I am sick of those debates who‚Äôs real or not. they‚Äôre all gatekeeping people (usually minorit‚Ä¶ https://t.co/ge18a8SEuP"
346,@Fox,47,Wed May 13 06:09:06 +0000 2020,-0.2411,0.116,0.0,0.884,"@the_patima internally: never. your designer perfectionism and impostor syndrome won‚Äôt let u.
externally: never. th‚Ä¶ https://t.co/5gi4de60QI"
347,@Fox,48,Wed May 13 06:04:33 +0000 2020,0.0,0.0,0.0,1.0,"everything about this is golden.

https://t.co/WHoNBbEnS6"
348,@Fox,49,Wed May 13 02:38:02 +0000 2020,-0.34,0.118,0.0,0.882,"the obsession with tooling (incl. frameworks) is deeply rooted in tech. 

it‚Äôs also constantly weaponised to talk p‚Ä¶ https://t.co/boCYtXGtJT"
349,@Fox,50,Wed May 13 02:36:48 +0000 2020,0.8168,0.0,0.263,0.737,"@NatDudley omgmgmgmgmgmg yes!! i still remember when i went to see nanette at MICF; one of my first, and the best e‚Ä¶ https://t.co/KNWtuMNvak"
350,@Fox,51,Wed May 13 02:25:54 +0000 2020,-0.8042,0.289,0.045,0.666,"I want @ArtifactUprsng, but in Australia. Are there really no high quality, decently priced photo+framing services here? üò≠"
351,@Fox,52,Tue May 12 06:54:13 +0000 2020,0.6696,0.0,0.379,0.621,@benschwarz @glenmaddern i recommend never reading your mentions. works a treat!
352,@Fox,53,Mon May 11 09:42:41 +0000 2020,0.802,0.042,0.259,0.699,"RT @karenkho: Economics says the best gifts for moms are:
-paid parental leave
-affordable child care
-men doing much more housework and pa‚Ä¶"
353,@Fox,54,Mon May 11 09:15:42 +0000 2020,0.0,0.0,0.0,1.0,RT @maiab: I have figured out why people who work at big companies are so much less productive than people who work at startups and it‚Äôs be‚Ä¶
354,@Fox,55,Mon May 11 06:14:34 +0000 2020,0.0387,0.101,0.178,0.721,"@holman writing like that is okay (I agree with the sentiment &amp; been saying this for ages) but it offers no data, n‚Ä¶ https://t.co/sgW6lopf3B"
355,@Fox,56,Mon May 11 01:45:01 +0000 2020,0.6124,0.0,0.2,0.8,@KasperWargula I use https://t.co/M5g71J0FVV but I think there are some tools that integrate directly with slack :)
356,@Fox,57,Sun May 10 06:16:15 +0000 2020,0.0,0.0,0.0,1.0,RT @rachelyhe_: ‚Äúdesign leaders‚Äù who need to rip into junior designers in order to voice a dissenting opinion are not real leaders
357,@Fox,58,Thu May 07 23:28:57 +0000 2020,0.0,0.0,0.0,1.0,RT @jessica_salfia: This poem is called ‚ÄúFirst lines of emails I‚Äôve received while quarantining.‚Äù https://t.co/4keCqPaO63
358,@Fox,59,Thu May 07 22:48:26 +0000 2020,0.6124,0.136,0.364,0.5,"@NatDudley well, that is awful. I‚Äôm glad she found a much better home. ‚ù§Ô∏è"
359,@Fox,60,Thu May 07 22:47:27 +0000 2020,-0.1027,0.104,0.088,0.808,@danrubin I had the same problem with finding refried beans without lard. It‚Äôs a thing for sure; takes a bit of loo‚Ä¶ https://t.co/olAGrqcj70
360,@Fox,61,Thu May 07 22:45:46 +0000 2020,0.5093,0.0,0.397,0.603,@NatDudley omg what a cute fluff!
361,@Fox,62,Thu May 07 21:51:22 +0000 2020,0.1531,0.069,0.091,0.839,RT @kosamari: 5G is not gonna make your frontend performance disappear just like LTE and high performance CPU didn't fix it in the past dec‚Ä¶
362,@Fox,63,Thu May 07 10:48:35 +0000 2020,-0.8625,0.375,0.0,0.625,‚ÄûOrdinary life before the pandemic was already a catastrophe of desperation and exclusion for too many human beings‚Ä¶ https://t.co/V04bdf3OwT
363,@Fox,64,Thu May 07 09:46:52 +0000 2020,0.0,0.0,0.0,1.0,@jongold tips from long-time bagel maker: don‚Äôt use baking soda. barley malt syrup changes nothing. bagels need 5 i‚Ä¶ https://t.co/mViNXWgrhv
364,@Fox,65,Thu May 07 02:36:12 +0000 2020,0.4753,0.0,0.219,0.781,"@TheCodePixi that‚Äôs much more convenient! ios hasn‚Äôt gotten to that yet, lol"
365,@Fox,66,Thu May 07 02:34:19 +0000 2020,0.7345,0.0,0.382,0.618,"@TheCodePixi haha, all good! I use https://t.co/M5g71J0FVV üëçüèª"
366,@Fox,67,Thu May 07 02:29:06 +0000 2020,0.0,0.0,0.0,1.0,"posting self-recorded GIFs is a long-term strategy I used to build team connection with remote co-workers. now, I‚Äôm‚Ä¶ https://t.co/zNJrbQ8AXE"
367,@Fox,68,Wed May 06 04:52:38 +0000 2020,0.69,0.0,0.24,0.76,@anildash same! I definitely evolved the rules as the time passed. but definitely it has prompted thinking and bein‚Ä¶ https://t.co/1lpK315ZAe
368,@Fox,69,Wed May 06 04:46:33 +0000 2020,0.0,0.0,0.0,1.0,@anildash they are always the same
369,@Fox,70,Wed May 06 04:43:13 +0000 2020,0.0,0.0,0.0,1.0,"also, to clarify: I RT all underrepresented groups, including PoC and LGBTQIA+. gender ain‚Äôt binary, nor it‚Äôs the p‚Ä¶ https://t.co/y1ZyLdYPU3"
370,@Fox,71,Wed May 06 04:38:43 +0000 2020,-0.5994,0.274,0.0,0.726,here to block all whataboutists and offended white men who will emerge in this thread
371,@Fox,72,Wed May 06 04:37:24 +0000 2020,0.8968,0.0,0.33,0.67,"@theshawwn thanks but I had enough of white men wisdom in my time, which this is a prime example of üëãüèª"
372,@Fox,73,Wed May 06 04:35:19 +0000 2020,0.0,0.0,0.0,1.0,@Firesphere you can make your own rules. I include PoC and LGBTQIA+.
373,@Fox,74,Wed May 06 04:15:29 +0000 2020,-0.296,0.099,0.0,0.901,"noticed someone pointing out that @anildash only retweets women. 

his statement got me to stop RTing men + focus o‚Ä¶ https://t.co/1h2LAxCgdA"
374,@Fox,75,Tue May 05 00:23:41 +0000 2020,-0.0516,0.124,0.114,0.762,@jongold I am genuinely excited by vegetables and teen kaz is screaming ‚Äùwhat is vegetable‚Äù. it‚Äôs a mood
375,@Fox,76,Mon May 04 10:07:18 +0000 2020,0.4199,0.0,0.108,0.892,@KaiBrach Thank you so much! It really means a lot to me since it‚Äôs my first exercise on executing a brand with ful‚Ä¶ https://t.co/XuiBGEaBfz
376,@Fox,77,Mon May 04 05:21:23 +0000 2020,0.6369,0.0,0.296,0.704,"@jongold long live five elephant cheesecake, the best pie ‚ù§Ô∏è"
377,@Fox,78,Mon May 04 05:14:12 +0000 2020,0.7177,0.0,0.5,0.5,@jongold these photos are so beautiful
378,@Fox,79,Mon May 04 03:37:03 +0000 2020,0.2751,0.161,0.202,0.637,While semantics might be useful for greater adoption of web performance it does not solve the inequity problem at a‚Ä¶ https://t.co/wljihtJAWm
379,@Fox,80,Mon May 04 03:29:38 +0000 2020,0.2263,0.0,0.091,0.909,"A more understandable name for #webperf can be helpful. 

But what we need is widespread understanding of its impor‚Ä¶ https://t.co/5PHzMdte35"
380,@Fox,81,Mon May 04 02:36:57 +0000 2020,0.0,0.0,0.0,1.0,@marekIsOkay üôåüèª
381,@Fox,82,Mon May 04 02:36:50 +0000 2020,0.4199,0.0,0.285,0.715,@imtraptir thank you! ‚úäüèª
382,@Fox,83,Mon May 04 02:36:44 +0000 2020,0.0,0.0,0.0,1.0,@jilljubs squee ‚ù§Ô∏è
383,@Fox,84,Mon May 04 02:36:37 +0000 2020,0.4199,0.0,0.285,0.715,@stewartsc thank you! üôåüèª
384,@Fox,85,Mon May 04 00:31:44 +0000 2020,0.2732,0.0,0.1,0.9,@unRonic @Grammarly I think in general such services are pretty invasive but the caveat that they might store what‚Ä¶ https://t.co/WQYsnTeOMg
385,@Fox,86,Mon May 04 00:24:35 +0000 2020,0.8072,0.0,0.341,0.659,"I found @Grammarly really useful, but I can‚Äôt allow entertaining the thought they‚Äôre storing everything I write whe‚Ä¶ https://t.co/x5urt9QRA2"
386,@Fox,87,Sun May 03 10:05:28 +0000 2020,-0.4588,0.246,0.129,0.625,"‚ÄúA white identity is a trust fund, and its currency is grievance that is stolen from others.‚Äù

‚ÄîNesrine Malik"
387,@Fox,88,Sat May 02 06:58:00 +0000 2020,-0.6249,0.339,0.0,0.661,RT @NewYorker: Setting reasonable goals during a crisis. https://t.co/QIirBpnuJ7
388,@Fox,89,Sat May 02 06:29:35 +0000 2020,0.0,0.0,0.0,1.0,@jongold ü§§
389,@Fox,90,Sat May 02 03:55:56 +0000 2020,0.1779,0.081,0.107,0.812,"First time in my tech career of 15 years I‚Äôm a shareholder (also, in a profitable company that has no debts to anyo‚Ä¶ https://t.co/VDOPxLNrva"
390,@Fox,91,Sat May 02 01:17:23 +0000 2020,0.68,0.0,0.285,0.715,@yesidanderfer thank you! ü§ó keeping it real at my house üôèüèª
391,@Fox,92,Fri May 01 23:46:31 +0000 2020,0.4199,0.0,0.237,0.763,@MikeEsto thank you! üôáüèª‚Äç‚ôÄÔ∏è
392,@Fox,93,Fri May 01 23:39:47 +0000 2020,0.2263,0.084,0.156,0.76,"@KaiBrach yeah, I was also surprised. I normally don‚Äôt answer calls from No Caller ID. the only reason why I did wa‚Ä¶ https://t.co/QaQV0VbSoP"
393,@Fox,94,Fri May 01 23:25:56 +0000 2020,0.8553,0.052,0.284,0.663,"It also included a free influenza and  rsv virus test, which I also don‚Äôt have. Thanks, Aussie healthcare! üòÇüôèüèª"
394,@Fox,95,Fri May 01 22:49:01 +0000 2020,-0.3903,0.107,0.0,0.893,"Tested negative for corona üôÉ (I knew that would be the case, but followed the rules nonetheless!). 

Got a call abo‚Ä¶ https://t.co/vYTQ8FpMpb"
395,@Fox,96,Fri May 01 09:46:01 +0000 2020,0.7506,0.0,0.262,0.738,"RT @calibreapp: We are proud to donate free performance monitoring to @COVID19Tracking.

The Covid Tracking Project is a volunteer organisa‚Ä¶"
396,@Fox,97,Thu Apr 30 23:11:33 +0000 2020,0.7999,0.0,0.324,0.676,"@joelgascoigne seems like it‚Äôs a perfect strategy especially if there‚Äôs not much loss. 

we came to a conclusion th‚Ä¶ https://t.co/OltLD96T2P"
397,@Fox,98,Thu Apr 30 23:07:31 +0000 2020,0.69,0.0,0.262,0.738,"@joelgascoigne sounds like a good decision! frankly, I‚Äôm operating at 40-50% of my normal productivity and forcing‚Ä¶ https://t.co/kzCz2NcpIi"
398,@Fox,99,Thu Apr 30 23:04:07 +0000 2020,-0.5267,0.268,0.0,0.732,@adamliaw sO mUcH tImE tO bE aNxIoUs aNd sTrEsSeD mIgHt pIcK uP a hObBy
399,@Fox,100,Thu Apr 30 22:58:31 +0000 2020,0.7096,0.0,0.33,0.67,"@alicegoldfuss honestly, it does deserve a good punching. it‚Äôs a bit of an asshole"
400,@NYtimes,1,Fri May 22 19:19:02 +0000 2020,0.5719,0.0,0.171,0.829,"Planning your menu this Memorial Day weekend? @NYTfood has you covered with recipes for delicious dips, crisp salad‚Ä¶ https://t.co/7RfVZaWMTQ"
401,@NYtimes,2,Fri May 22 19:07:23 +0000 2020,0.0041,0.107,0.108,0.785,"Breaking News: President Trump called houses of worship ‚Äúessential‚Äù and ordered them reopened, without any clear au‚Ä¶ https://t.co/gigHAbbWuC"
402,@NYtimes,3,Fri May 22 19:00:09 +0000 2020,-0.3612,0.111,0.0,0.889,Hungary has moved nearly 300 asylum seekers out of fenced detention sites where they had been put in metal containe‚Ä¶ https://t.co/nRFJPToCk8
403,@NYtimes,4,Fri May 22 18:41:24 +0000 2020,-0.5267,0.302,0.132,0.566,RT @jeannasmialek: The Fed had decided to stop worrying about inflation and learn to love low unemployment -- and then came the pandemic.‚Ä¶
404,@NYtimes,5,Fri May 22 18:40:08 +0000 2020,0.2732,0.0,0.129,0.871,Nursing homes with a significant number of black and Latino residents have been twice as likely to be hit by the co‚Ä¶ https://t.co/I88xS3vvd9
405,@NYtimes,6,Fri May 22 18:20:05 +0000 2020,-0.4767,0.124,0.0,0.876,A 20-year-old man who is a temporary patient of a nursing home in Detroit has been arrested in connection with a vi‚Ä¶ https://t.co/uNXWgTbd9Z
406,@NYtimes,7,Fri May 22 18:00:04 +0000 2020,-0.4404,0.132,0.0,0.868,Secretary of State Mike Pompeo condemned China on Friday after Beijing unveiled the details of a broad new security‚Ä¶ https://t.co/20nbpFT1su
407,@NYtimes,8,Fri May 22 17:40:08 +0000 2020,0.0,0.0,0.0,1.0,"Britain has announced that it will quarantine everyone flying into the country, including its citizens, beginning J‚Ä¶ https://t.co/FOjDPKWQKe"
408,@NYtimes,9,Fri May 22 17:20:04 +0000 2020,-0.34,0.103,0.0,0.897,"In an extraordinary move, a federal appeals court panel has ordered a trial judge to explain why he is hesitating t‚Ä¶ https://t.co/OOGZ8LicBz"
409,@NYtimes,10,Fri May 22 17:11:18 +0000 2020,0.0,0.0,0.0,1.0,"In Opinion

@nytdavidbrooks is chatting about his latest column https://t.co/kMrqG8PyiE https://t.co/9L8ptPCQjx"
410,@NYtimes,11,Fri May 22 17:04:32 +0000 2020,0.0,0.0,0.0,1.0,See our full list of books to read this summer here https://t.co/dThY8nliPz
411,@NYtimes,12,Fri May 22 17:00:14 +0000 2020,-0.6486,0.204,0.042,0.755,Here are 7 thrillers to read this summer. ‚ÄúIf there were ever a time to distract yourself with the dismaying and of‚Ä¶ https://t.co/88NgzqS07u
412,@NYtimes,13,Fri May 22 16:50:06 +0000 2020,-0.0191,0.054,0.0,0.946,"The car rental giant Hertz could soon file for bankruptcy if it can't reach a deal with its creditors
https://t.co/HFef6sS8f7"
413,@NYtimes,14,Fri May 22 16:47:25 +0000 2020,-0.1779,0.117,0.088,0.795,"Lori Loughlin has agreed to plead guilty in the college admissions case, a dramatic turnaround after more than a ye‚Ä¶ https://t.co/BryVqO7CDt"
414,@NYtimes,15,Fri May 22 16:45:08 +0000 2020,0.0,0.0,0.0,1.0,"Jyoti Kumari, the 15-year-old daughter of a migrant laborer, biked 700 miles across India to bring her father home‚Ä¶ https://t.co/Ef8oBnBa7U"
415,@NYtimes,16,Fri May 22 16:40:04 +0000 2020,-0.7964,0.253,0.0,0.747,"China's leader, Xi Jinping, is trying to press an offensive over Hong Kong at a time of global crisis when China is‚Ä¶ https://t.co/xqtPrR8cDC"
416,@NYtimes,17,Fri May 22 16:35:05 +0000 2020,-0.5574,0.141,0.0,0.859,"Jerry Sloan, the former Utah Jazz coach, has died at age 78. He was one of the winningest coaches in NBA history.
https://t.co/WDYqS0tJvO"
417,@NYtimes,18,Fri May 22 16:30:06 +0000 2020,0.0,0.0,0.0,1.0,"SomeBODY tucked a verse about climate change into their song ‚ÄúAll Star‚Äù in 1999. (That somebody was Smash Mouth, an‚Ä¶ https://t.co/AQMkZmeRCe"
418,@NYtimes,19,Fri May 22 16:10:01 +0000 2020,0.6705,0.0,0.208,0.792,"RT @danielle_ivory: Here are two powerful graphics that help tell the story of the racial divide in US nursing homes. 

We found neighborho‚Ä¶"
419,@NYtimes,20,Fri May 22 16:00:13 +0000 2020,-0.0516,0.116,0.108,0.776,"""It‚Äôs like chasing a high.""

Trichotillomania is a type of impulse control disorder which causes people to pull the‚Ä¶ https://t.co/sV2adTT5oD"
420,@NYtimes,21,Fri May 22 15:51:03 +0000 2020,0.4215,0.0,0.141,0.859,Coronavirus patients who received the anti-malaria drugs promoted by President Trump were more likely to have abnor‚Ä¶ https://t.co/5xZJfu4Exz
421,@NYtimes,22,Fri May 22 15:40:03 +0000 2020,0.7003,0.0,0.254,0.746,"As Memorial Day weekend begins, cooped-up Americans are eager for social interaction and fun. Yet public health off‚Ä¶ https://t.co/k8rW2HLBi3"
422,@NYtimes,23,Fri May 22 15:20:04 +0000 2020,0.5994,0.084,0.27,0.646,"In Opinion

""The Chinese Communist Party is ambitious, and it is impatient. It doesn‚Äôt just want to control Hong Ko‚Ä¶ https://t.co/m1RR3b3v67"
423,@NYtimes,24,Fri May 22 15:07:23 +0000 2020,-0.25,0.091,0.0,0.909,Joe Biden said on Friday that black voters torn between voting for him or President Trump ‚Äúain‚Äôt black.‚Äù His commen‚Ä¶ https://t.co/X15SP8tPi2
424,@NYtimes,25,Fri May 22 15:00:17 +0000 2020,0.5106,0.0,0.155,0.845,"Bernice Silver, known as the Queen of Potpourri, for her fast-and-furious storytelling form and a beloved figure in‚Ä¶ https://t.co/lRelT50b7w"
425,@NYtimes,26,Fri May 22 14:50:06 +0000 2020,0.4215,0.0,0.123,0.877,"As global temperatures have climbed, so have mentions of climate change in popular songs. Listen to 10 songs that l‚Ä¶ https://t.co/dUH10Z9olU"
426,@NYtimes,27,Fri May 22 14:40:08 +0000 2020,0.4404,0.0,0.132,0.868,"Should machines ever be truly allowed to make decisions on their own? For years, some researchers have said, ""No.""‚Ä¶ https://t.co/OwpDwRLyke"
427,@NYtimes,28,Fri May 22 14:20:03 +0000 2020,0.0,0.161,0.119,0.72,"""I miss the applause, the tent, the colors of the lights. Everything is missing.""

One of Italy‚Äôs famous family-own‚Ä¶ https://t.co/UNR6HLJgpT"
428,@NYtimes,29,Fri May 22 14:00:17 +0000 2020,-0.7469,0.203,0.0,0.797,"Hazel Ying Lee and Maggie Gee never met, but as the only 2 Chinese-American women pilots during World War II, their‚Ä¶ https://t.co/QNsxlCcUKB"
429,@NYtimes,30,Fri May 22 13:47:38 +0000 2020,0.0,0.0,0.0,1.0,"RT @KassieBracken: As a kid, I spent summers with my grandmother in the Rockaways ‚Äî still have family there. As N.Y.C. Covid cases grew, I‚Ä¶"
430,@NYtimes,31,Fri May 22 13:40:05 +0000 2020,-0.4404,0.155,0.073,0.773,"Wilson Jerman, who served 11 U.S. presidents as a cleaner, butler and elevator operator, died on Saturday in Virgin‚Ä¶ https://t.co/EShm2CGEP0"
431,@NYtimes,32,Fri May 22 13:20:05 +0000 2020,0.0,0.0,0.0,1.0,"With an assist from the king, Malaysian politicians from the old government are back in power in a new coalition. M‚Ä¶ https://t.co/ILKZFg5jN7"
432,@NYtimes,33,Fri May 22 13:00:12 +0000 2020,0.0,0.0,0.0,1.0,"In Opinion

‚ÄúThe public square is thick today with augurs and prophets,‚Äù writes Mark Lilla. ‚ÄúBut the post-Covid fut‚Ä¶ https://t.co/XYjDg2PFBb"
433,@NYtimes,34,Fri May 22 12:40:05 +0000 2020,0.3182,0.0,0.113,0.887,"With Joe Biden actively considering Elizabeth Warren to be his running mate, their ideological differences ‚Äî and wh‚Ä¶ https://t.co/BTnsexWO2I"
434,@NYtimes,35,Fri May 22 12:20:08 +0000 2020,-0.4019,0.137,0.0,0.863,"Since the coronavirus pandemic began, tensions have repeatedly flared over whether too many New York City residents‚Ä¶ https://t.co/JcFIoQywCe"
435,@NYtimes,36,Fri May 22 12:00:06 +0000 2020,-0.4404,0.16,0.093,0.747,A son of the Saudi writer Jamal Khashoggi said that he and his siblings had forgiven the men who killed their fathe‚Ä¶ https://t.co/PDJBQEEWH0
436,@NYtimes,37,Fri May 22 11:53:50 +0000 2020,0.0,0.0,0.0,1.0,"For today, May 22, here‚Äôs how to follow the latest on the coronavirus outbreak. 

üåé Live updates from around the wo‚Ä¶ https://t.co/MAt1LBQS36"
437,@NYtimes,38,Fri May 22 11:45:03 +0000 2020,0.6249,0.0,0.212,0.788,"""Most of us are quiet enough to hear the gentle voice.‚Äù

In Quaker worship, members sit together in silence, waitin‚Ä¶ https://t.co/3L0jO0evSs"
438,@NYtimes,39,Fri May 22 11:33:04 +0000 2020,0.0,0.0,0.0,1.0,"A Mississippi church that defied coronavirus restrictions has burned to the ground. 

Graffiti at the scene that re‚Ä¶ https://t.co/TFwfs4ePjt"
439,@NYtimes,40,Fri May 22 11:30:09 +0000 2020,0.0,0.0,0.0,1.0,The Tokyo Olympic Games will happen in July and August of 2021 or they will not happen at all. A spokesman for the‚Ä¶ https://t.co/rcKLeBHwBy
440,@NYtimes,41,Fri May 22 11:19:26 +0000 2020,0.3612,0.0,0.094,0.906,"RT @ditzkoff: My profile of Steve Carell and the making of his Netflix series Space Force, his first comedy show since The Office. What his‚Ä¶"
441,@NYtimes,42,Fri May 22 11:08:12 +0000 2020,0.0258,0.0,0.058,0.942,Breaking News: A Pakistan International Airlines plane with at least 91 people aboard crashed in a residential area‚Ä¶ https://t.co/qdw62rN2MS
442,@NYtimes,43,Fri May 22 11:00:13 +0000 2020,0.0,0.0,0.0,1.0,RT @jimrutenberg: NEW: Questions about Tara Reade‚Äôs education credentials cause attorneys to review her work as expert witnesses in domesti‚Ä¶
443,@NYtimes,44,Fri May 22 10:40:03 +0000 2020,-0.5994,0.224,0.0,0.776,"Asian markets overall fell on Friday, with Hong Kong‚Äôs drop outpacing others, on coronavirus worries and the prospe‚Ä¶ https://t.co/pcuE6RvsSi"
444,@NYtimes,45,Fri May 22 10:20:06 +0000 2020,0.4168,0.0,0.122,0.878,A U.K. police watchdog said it would not conduct a criminal inquiry into Boris Johnson over claims that as London's‚Ä¶ https://t.co/e4sALrp17A
445,@NYtimes,46,Fri May 22 10:00:07 +0000 2020,-0.1027,0.21,0.194,0.595,Saudi officials trying to pressure a former top intelligence official to return to Saudi Arabia have arrested sever‚Ä¶ https://t.co/1LJmfzDzHz
446,@NYtimes,47,Fri May 22 09:40:04 +0000 2020,0.7251,0.0,0.242,0.758,"The Chinese government unveiled a plan to take a stronger, more direct hand in Hong Kong‚Äôs affairs. For many pro-de‚Ä¶ https://t.co/TrTcLKZvDB"
447,@NYtimes,48,Fri May 22 09:20:05 +0000 2020,0.3818,0.0,0.12,0.88,"In Opinion

Sonia Faleiro writes: The British government has sent out a clear message: ""The work of ethnic minoriti‚Ä¶ https://t.co/lXZfgF3iq8"
448,@NYtimes,49,Fri May 22 09:00:18 +0000 2020,0.7351,0.0,0.237,0.763,"Nita Pippins moved to New York to care for her dyings on. Instead of returning home, she dedicated herself to AIDS‚Ä¶ https://t.co/rG0pn5Kvvy"
449,@NYtimes,50,Fri May 22 08:40:05 +0000 2020,0.7579,0.0,0.333,0.667,"On Thursday, China proposed security laws that could effectively subvert Hong Kong‚Äôs remaining freedoms and bring i‚Ä¶ https://t.co/m8wabQlJZr"
450,@NYtimes,51,Fri May 22 08:20:07 +0000 2020,-0.5823,0.178,0.0,0.822,"‚ÄúYou can make money no matter if the price rises or falls,‚Äù said an ad for Bank of China's crude oil investment pro‚Ä¶ https://t.co/i8VBLCPXxU"
451,@NYtimes,52,Fri May 22 08:10:01 +0000 2020,0.0,0.0,0.0,1.0,"RT @salmanmasood: In parts of India and Pakistan, conditions during the hotter months could make the virus less than half as likely to infe‚Ä¶"
452,@NYtimes,53,Fri May 22 08:00:06 +0000 2020,0.7184,0.0,0.318,0.682,"Earlier this month, Samy Kamkar shared his latest creation on Twitter: chocolate that shimmers like a rainbow. https://t.co/zPWRo8OKS4"
453,@NYtimes,54,Fri May 22 07:50:03 +0000 2020,0.0,0.0,0.0,1.0,"Gui Khury owned a skateboard before he was even born. This month, the 11-year-old became the first skateboarder to‚Ä¶ https://t.co/DjQrCKsKZj"
454,@NYtimes,55,Fri May 22 07:40:03 +0000 2020,0.0,0.0,0.0,1.0,"RT @BellaKwai: Beer with Bella is back! Our latest guest is former prime minister Malcolm Turnbull who spills some tea on Trump, the ""terro‚Ä¶"
455,@NYtimes,56,Fri May 22 07:30:07 +0000 2020,0.0,0.0,0.0,1.0,RT @motokorich: The Tokyo Games will happen in July and August of 2021 or they will not happen at all. With @mattfutterman https://t.co/rY2‚Ä¶
456,@NYtimes,57,Fri May 22 07:00:06 +0000 2020,0.0,0.0,0.0,1.0,Europe morning briefing: Here's what you need to know to start your day https://t.co/5fzvKA2r3Z
457,@NYtimes,58,Fri May 22 06:54:04 +0000 2020,0.2732,0.0,0.104,0.896,The British government agreed to scrap a policy that requires staff from overseas in the country‚Äôs National Health‚Ä¶ https://t.co/Oa3ubhpd4G
458,@NYtimes,59,Fri May 22 06:40:05 +0000 2020,0.1154,0.0,0.068,0.932,Facebook said on Thursday that it would allow many employees to work from home permanently. But there‚Äôs a catch: Th‚Ä¶ https://t.co/hmnkGiTbWk
459,@NYtimes,60,Fri May 22 06:20:01 +0000 2020,0.7783,0.0,0.264,0.736,"RT @BenWeiserNYT: ""The curfew has offered new moments of breathtaking beauty."" In Istanbul Under Lockdown by @carlottagall with photos by @‚Ä¶"
460,@NYtimes,61,Fri May 22 06:00:09 +0000 2020,0.0,0.0,0.0,1.0,"Since early December and as recently as last week, TikTok stars hailing from all around the U.S. have snatched up h‚Ä¶ https://t.co/3s9pQWOFib"
461,@NYtimes,62,Fri May 22 05:45:02 +0000 2020,-0.5423,0.137,0.0,0.863,RT @palafo: The Federal Bureau of Investigation said Thursday that it had opened an investigation into the fatal shooting of a black woman‚Ä¶
462,@NYtimes,63,Fri May 22 05:30:09 +0000 2020,0.0772,0.096,0.151,0.753,An organization working to prevent pandemics lost its federal grant to work in China. A group of 77 Nobel laureates‚Ä¶ https://t.co/JKNd18OdaR
463,@NYtimes,64,Fri May 22 05:00:06 +0000 2020,0.0,0.0,0.0,1.0,Hong Kong stocks fell by more than 4% in early Friday trading after Chinese leaders announced their plans to tighte‚Ä¶ https://t.co/o5X7gYFvvm
464,@NYtimes,65,Fri May 22 04:50:04 +0000 2020,0.34,0.0,0.098,0.902,"RT @stevenleemyers: ""Even as China acknowledged the cost of the pandemic, the government is determined to show it will not be politically c‚Ä¶"
465,@NYtimes,66,Fri May 22 04:24:34 +0000 2020,0.0,0.0,0.0,1.0,Read updates in Chinese: Êñ∞ÂÜ†ÁóÖÊØíÁñ´ÊÉÖÊúÄÊñ∞Ê∂àÊÅØ https://t.co/TLsWMGjCYE
466,@NYtimes,67,Fri May 22 04:24:08 +0000 2020,0.0,0.0,0.0,1.0,"‚ÄîPresident Trump, visiting a hard-hit U.S. state, declined to wear a mask in public
‚ÄîThe pandemic hovers over China‚Ä¶ https://t.co/wzuvwrNK4V"
467,@NYtimes,68,Fri May 22 04:10:04 +0000 2020,-0.9493,0.511,0.0,0.489,A 32-year-old Long Island man was arrested and charged with murder on Thursday after the man fatally stabbed his fa‚Ä¶ https://t.co/VXupb8X0Do
468,@NYtimes,69,Fri May 22 04:00:04 +0000 2020,0.4767,0.0,0.177,0.823,A string of victories by Turkish-backed forces in Libya have rolled back the gains of a would-be strongman whose al‚Ä¶ https://t.co/owlNva6yjh
469,@NYtimes,70,Fri May 22 03:55:03 +0000 2020,-0.5574,0.223,0.0,0.777,"RT @HernandezJavier: New coronavirus outbreaks are raising alarm in China, prompting officials to impose Wuhan-style lockdowns. ""The govern‚Ä¶"
470,@NYtimes,71,Fri May 22 03:40:02 +0000 2020,-0.8176,0.263,0.0,0.737,"RT @llerer: NEW: Lawyers in California are reviewing criminal cases in which Tara Reade served as an expert witness on domestic violence, c‚Ä¶"
471,@NYtimes,72,Fri May 22 03:00:11 +0000 2020,-0.5267,0.152,0.0,0.848,"A day after threatening to withhold federal funding from Michigan, President Trump toured a Ford plant in the state‚Ä¶ https://t.co/6Dbc13s15e"
472,@NYtimes,73,Fri May 22 02:20:07 +0000 2020,0.0258,0.075,0.08,0.845,China‚Äôs plans to¬†impose sweeping new security powers¬†over Hong Kong has U.S. senators calling for sanctions. But Pr‚Ä¶ https://t.co/btHkAA0Zvo
473,@NYtimes,74,Fri May 22 02:18:52 +0000 2020,-0.4404,0.148,0.066,0.786,Defense lawyers in California are reviewing criminal cases in which Tara Reade served as an expert witness on domes‚Ä¶ https://t.co/QylPahU1i3
474,@NYtimes,75,Fri May 22 02:10:04 +0000 2020,0.5267,0.0,0.206,0.794,RT @austinramzy: Bipartisan support is quickly growing in Congress for sanctions on Chinese officials and entities after Beijing announced‚Ä¶
475,@NYtimes,76,Fri May 22 02:00:04 +0000 2020,0.7935,0.0,0.243,0.757,"RT @tminsberg: 11-year-old Gui Khury landed a 1080. Twice. 

One of the best parts? Getting a text from @tonyhawk. 

Not bad for an afterno‚Ä¶"
476,@NYtimes,77,Fri May 22 01:40:08 +0000 2020,-0.1027,0.139,0.12,0.741,"China abandoned its growth target for this year, in an acknowledgement that the coronavirus outbreak is disrupting‚Ä¶ https://t.co/bvMjWrEeTi"
477,@NYtimes,78,Fri May 22 01:20:05 +0000 2020,-0.3182,0.126,0.0,0.874,"""We should be skeptical of emerging technology,"" writes Shira Ovide in the latest ""On Tech"" newsletter.
https://t.co/li91MyTblF"
478,@NYtimes,79,Fri May 22 01:00:09 +0000 2020,0.3182,0.0,0.119,0.881,Secretary of State Mike Pompeo has held meetings with prominent Republican donors while on taxpayer-funded trips. T‚Ä¶ https://t.co/3EHtJiB0KB
479,@NYtimes,80,Fri May 22 00:50:02 +0000 2020,0.4767,0.0,0.205,0.795,"Canned beans are transformed into a hearty, elegant main with this recipe https://t.co/y2WqOJFG2P"
480,@NYtimes,81,Fri May 22 00:40:03 +0000 2020,-0.128,0.13,0.108,0.762,"After 2 months of staying at home, @JessGrose found herself engaging in painful comparisons with other moms online.‚Ä¶ https://t.co/SrLR4yw0wH"
481,@NYtimes,82,Fri May 22 00:20:02 +0000 2020,0.0,0.0,0.0,1.0,One of @PriyaParker's tips for dating in quarantine: Do a virtual show and tell of your home ‚Äî or give them a tour‚Ä¶ https://t.co/oTlX5oO2Fi
482,@NYtimes,83,Fri May 22 00:05:05 +0000 2020,-0.3818,0.231,0.134,0.634,The U.S. Supreme Court on Thursday¬†turned down a request¬†from Idaho prison officials to block court-ordered sex rea‚Ä¶ https://t.co/BwIvpbJA84
483,@NYtimes,84,Fri May 22 00:00:05 +0000 2020,0.0,0.0,0.0,1.0,"China has announced its most sweeping effort yet to erode the ‚Äúone country, two systems"" principle that's governed‚Ä¶ https://t.co/u6nb0ooB7w"
484,@NYtimes,85,Thu May 21 23:50:05 +0000 2020,0.0,0.0,0.0,1.0,"Starting in January, Facebook‚Äôs employee compensation will be adjusted based on the cost of living in the locations‚Ä¶ https://t.co/iqPNWEoVMs"
485,@NYtimes,86,Thu May 21 23:40:02 +0000 2020,-0.8402,0.276,0.0,0.724,"The man who filmed the fatal account between 2 of his neighbors and Ahmaud Arbery, who was killed in Georgia in Feb‚Ä¶ https://t.co/XmiYPNLzto"
486,@NYtimes,87,Thu May 21 23:30:05 +0000 2020,0.0,0.0,0.0,1.0,"RT @marcatracy: Our read on layoffs at The Atlantic, and what it means that this even happened at a news media outlet that would seem to ha‚Ä¶"
487,@NYtimes,88,Thu May 21 23:20:08 +0000 2020,0.5267,0.094,0.212,0.694,"""To love a New York City bar means forever steeling yourself to lose it. It means always being prepared to say good‚Ä¶ https://t.co/174KTanMqK"
488,@NYtimes,89,Thu May 21 23:10:06 +0000 2020,-0.5859,0.233,0.09,0.677,"RT @ewong: NEW: Democratic &amp; Republican lawmakers condemn China‚Äôs proposed national security law on Hong Kong, aimed at destroying HK's fre‚Ä¶"
489,@NYtimes,90,Thu May 21 23:00:09 +0000 2020,0.4404,0.0,0.132,0.868,"What does Pete Buttigieg see as his political role now? ""Essentially, it‚Äôs to make myself useful,"" he told @llerer. https://t.co/K2Au1KLpsW"
490,@NYtimes,91,Thu May 21 22:50:03 +0000 2020,0.0,0.0,0.0,1.0,"Despite the addition of 90,000 subscribers since March, The Atlantic said it would lay off 68 employees. 

It is th‚Ä¶ https://t.co/lMBVU0tnbT"
491,@NYtimes,92,Thu May 21 22:45:09 +0000 2020,-0.6808,0.187,0.0,0.813,"In a new campaign ad, Claire Russo, a Democrat running for Congress in Virginia, speaks openly about being raped at‚Ä¶ https://t.co/OLUvpCRFTy"
492,@NYtimes,93,Thu May 21 22:40:05 +0000 2020,0.7184,0.0,0.318,0.682,"Briefly this spring, New York theaters featured a stunning array of plays and adventurous experimentation by writer‚Ä¶ https://t.co/H30cBKiEXd"
493,@NYtimes,94,Thu May 21 22:39:12 +0000 2020,0.25,0.0,0.167,0.833,A growing number of colleges and universities are waiving standardized test requirements amid the coronavirus pande‚Ä¶ https://t.co/OL9eFed371
494,@NYtimes,95,Thu May 21 22:27:36 +0000 2020,-0.2732,0.095,0.0,0.905,"Breaking News: The University of California system will drop the requirement for SAT and ACT scores, a move with ma‚Ä¶ https://t.co/D8X9C9vlrY"
495,@NYtimes,96,Thu May 21 22:20:04 +0000 2020,0.34,0.0,0.103,0.897,New security and health policies are coming to U.S. airports this summer ‚Äî passengers will be asked to scan their o‚Ä¶ https://t.co/yzXgwYsqQV
496,@NYtimes,97,Thu May 21 22:10:03 +0000 2020,0.0,0.0,0.0,1.0,"Former president Bill Clinton and the author James Patterson are writing a second book together, this one about a f‚Ä¶ https://t.co/tBWEYeJzQP"
497,@NYtimes,98,Thu May 21 21:58:13 +0000 2020,-0.5994,0.14,0.0,0.86,"The FBI is opening an investigation into the death of Breonna Taylor, a black woman who was shot in her home by 3 w‚Ä¶ https://t.co/zxcPlj86lE"
498,@NYtimes,99,Thu May 21 21:50:01 +0000 2020,0.0,0.0,0.0,1.0,"U.S. states are increasingly reducing barriers to voting by mail, seen by many as a necessary way to vote during th‚Ä¶ https://t.co/XWo03pWLA6"
499,@NYtimes,100,Thu May 21 21:40:04 +0000 2020,0.0,0.0,0.0,1.0,New York City‚Äôs commercial property owners are reporting a steep rise in unpaid rent by companies with office or re‚Ä¶ https://t.co/U0VmiXZFAR
